arquivo	linha	antes	depois
script.js	295	onclick="enviarAnexoModal()"	data-on-click="enviarAnexoModal"
script.js	299	onclick="fecharModal()"	data-on-click="fecharModal"
script.js	321	onclick="excluirAnexoModal(${a.anexoId})"	data-on-click="excluirAnexoModal" data-args-click="${argsAttr(a.anexoId)}"
script.js	761	onclick="irParaResultadoBusca(${argJs(r.aba || "")})"	data-on-click="irParaResultadoBusca" data-args-click="${argsAttr(String(r.aba || ""))}"
script.js	817	onclick="abrirNotificacao(${Number(n.notificacaoId)})"	data-on-click="abrirNotificacao" data-args-click="${argsAttr(Number(n.notificacaoId))}"
script.js	822	onclick="event.stopPropagation(); arquivarNotificacao(${Number(n.notificacaoId)})"	data-on-click="arquivarNotificacao" data-args-click="${argsAttr(Number(n.notificacaoId))}" data-stop="click"
script.js	867	onclick="acaoMinhaTarefa(${f.instanciaId}, 'APROVAR')"	data-on-click="acaoMinhaTarefa" data-args-click="${argsAttr(f.instanciaId, "APROVAR")}"
script.js	868	onclick="acaoMinhaTarefa(${f.instanciaId}, 'DEVOLVER')"	data-on-click="acaoMinhaTarefa" data-args-click="${argsAttr(f.instanciaId, "DEVOLVER")}"
script.js	869	onclick="acaoMinhaTarefa(${f.instanciaId}, 'REJEITAR')"	data-on-click="acaoMinhaTarefa" data-args-click="${argsAttr(f.instanciaId, "REJEITAR")}"
script.js	895	onclick="encerrarSessaoAcao('${s.sessaoId}')"	data-on-click="encerrarSessaoAcao" data-args-click="${argsAttr(String(s.sessaoId))}"
script.js	927	onclick="cancelarDelegacaoAcao(${d.delegacaoId})"	data-on-click="cancelarDelegacaoAcao" data-args-click="${argsAttr(d.delegacaoId)}"
script.js	1233	onclick="entrarModulo(${argJs(chave)})"	data-on-click="entrarModulo" data-args-click="${argsAttr(String(chave ?? ""))}"
script.js	1233	onkeydown="ativarComTeclado(event)"	data-on-keydown="ativarComTeclado" data-args-keydown="${argsAttr(ARG.evento, ARG.elemento)}"
script.js	1321	onkeydown="ativarComTeclado(event)"	data-on-keydown="ativarComTeclado" data-args-keydown="${argsAttr(ARG.evento, ARG.elemento)}"
script.js	1471	onclick="mostrarSubAbaFinanceiro(${argJs(m.subAba)})"	data-on-click="mostrarSubAbaFinanceiro" data-args-click="${argsAttr(String(m.subAba ?? ""))}"
script.js	1471	onkeydown="ativarComTeclado(event)"	data-on-keydown="ativarComTeclado" data-args-keydown="${argsAttr(ARG.evento, ARG.elemento)}"
script.js	1753	onclick="verDetalheCampanhaAcao(${c.campanhaId})"	data-on-click="verDetalheCampanhaAcao" data-args-click="${argsAttr(c.campanhaId)}"
script.js	1778	onclick="atualizarStatusCampanhaAcao(${campanhaId}, 'ENCERRADA')"	data-on-click="atualizarStatusCampanhaAcao" data-args-click="${argsAttr(campanhaId, "ENCERRADA")}"
script.js	1779	onclick="atualizarStatusCampanhaAcao(${campanhaId}, 'CANCELADA')"	data-on-click="atualizarStatusCampanhaAcao" data-args-click="${argsAttr(campanhaId, "CANCELADA")}"
script.js	1787	onclick="alternarFormNovoSorteio(${campanhaId})"	data-on-click="alternarFormNovoSorteio" data-args-click="${argsAttr(campanhaId)}"
script.js	1799	onclick="criarSorteioAcao(${campanhaId})"	data-on-click="criarSorteioAcao" data-args-click="${argsAttr(campanhaId)}"
script.js	1853	onclick="verDetalheSorteioAcao(${campanhaId}, ${s.sorteioId})"	data-on-click="verDetalheSorteioAcao" data-args-click="${argsAttr(campanhaId, s.sorteioId)}"
script.js	1872	onclick="registrarGanhadorAcao(${campanhaId}, ${sorteioId}, ${p.premioId})"	data-on-click="registrarGanhadorAcao" data-args-click="${argsAttr(campanhaId, sorteioId, p.premioId)}"
script.js	1878	onclick="marcarSorteioRealizadoAcao(${campanhaId}, ${sorteioId})"	data-on-click="marcarSorteioRealizadoAcao" data-args-click="${argsAttr(campanhaId, sorteioId)}"
script.js	2012	onclick="confirmarDadosBancariosFornecedorAcao(${Number(f.fornecedorId)})"	data-on-click="confirmarDadosBancariosFornecedorAcao" data-args-click="${argsAttr(Number(f.fornecedorId))}"
script.js	2013	onclick="abrirModalAnexos('Fornecedores', ${Number(f.fornecedorId)}, ${argJs(f.nome)})"	data-on-click="abrirModalAnexos" data-args-click="${argsAttr("Fornecedores", Number(f.fornecedorId), String(f.nome ?? ""))}"
script.js	2183	onclick="verDetalheSaidaAcao(${s.saidaId})"	data-on-click="verDetalheSaidaAcao" data-args-click="${argsAttr(s.saidaId)}"
script.js	2215	onclick="aprovarSaidaAcao(${saidaId})"	data-on-click="aprovarSaidaAcao" data-args-click="${argsAttr(saidaId)}"
script.js	2216	onclick="rejeitarSaidaAcao(${saidaId})"	data-on-click="rejeitarSaidaAcao" data-args-click="${argsAttr(saidaId)}"
script.js	2224	onclick="pagarSaidaAcao(${saidaId})"	data-on-click="pagarSaidaAcao" data-args-click="${argsAttr(saidaId)}"
script.js	2227	onclick="cancelarSaidaAcao(${saidaId})"	data-on-click="cancelarSaidaAcao" data-args-click="${argsAttr(saidaId)}"
script.js	2323	onclick="verDetalheFundoFixoAcao(${f.fundoId})"	data-on-click="verDetalheFundoFixoAcao" data-args-click="${argsAttr(f.fundoId)}"
script.js	2360	onclick="registrarMovimentoFundoFixoAcao(${fundoId})"	data-on-click="registrarMovimentoFundoFixoAcao" data-args-click="${argsAttr(fundoId)}"
script.js	2489	onclick="verDetalheRemessaAcao(${r.remessaId})"	data-on-click="verDetalheRemessaAcao" data-args-click="${argsAttr(r.remessaId)}"
script.js	2518	onclick="tratarDivergenciaRemessaAcao(${remessaId}, ${i.remessaItemId}, 'RECONHECER_PAGAMENTO')"	data-on-click="tratarDivergenciaRemessaAcao" data-args-click="${argsAttr(remessaId, i.remessaItemId, "RECONHECER_PAGAMENTO")}"
script.js	2519	onclick="tratarDivergenciaRemessaAcao(${remessaId}, ${i.remessaItemId}, 'ENCERRAR')"	data-on-click="tratarDivergenciaRemessaAcao" data-args-click="${argsAttr(remessaId, i.remessaItemId, "ENCERRAR")}"
script.js	2536	onclick="processarRetornoRemessaAcao(${remessaId})"	data-on-click="processarRetornoRemessaAcao" data-args-click="${argsAttr(remessaId)}"
script.js	2634	onclick="verDetalheOrcamentoAcao(${o.orcamentoId})"	data-on-click="verDetalheOrcamentoAcao" data-args-click="${argsAttr(o.orcamentoId)}"
script.js	2650	onclick="encerrarOrcamentoAcao(${orcamentoId})"	data-on-click="encerrarOrcamentoAcao" data-args-click="${argsAttr(orcamentoId)}"
script.js	2757	onclick="verDetalhePlanoPdqAcao(${p.planoId})"	data-on-click="verDetalhePlanoPdqAcao" data-args-click="${argsAttr(p.planoId)}"
script.js	2784	onclick="atualizarStatusPlanoPdqAcao(${planoId})"	data-on-click="atualizarStatusPlanoPdqAcao" data-args-click="${argsAttr(planoId)}"
script.js	2785	onclick="verRelatorioProgressoPdqAcao(${planoId})"	data-on-click="verRelatorioProgressoPdqAcao" data-args-click="${argsAttr(planoId)}"
script.js	2802	onclick="atualizarStatusMetaPdqAcao(${meta.metaId})"	data-on-click="atualizarStatusMetaPdqAcao" data-args-click="${argsAttr(meta.metaId)}"
script.js	2817	onclick="atualizarStatusProjetoPdqAcao(${proj.projetoId})"	data-on-click="atualizarStatusProjetoPdqAcao" data-args-click="${argsAttr(proj.projetoId)}"
script.js	2818	onclick="solicitarRemanejamentoPdqAcao(${proj.projetoId})"	data-on-click="solicitarRemanejamentoPdqAcao" data-args-click="${argsAttr(proj.projetoId)}"
script.js	2822	onclick="alternarFormNovoProjetoPdq(${meta.metaId})"	data-on-click="alternarFormNovoProjetoPdq" data-args-click="${argsAttr(meta.metaId)}"
script.js	2832	onclick="criarProjetoPdqAcao(${meta.metaId})"	data-on-click="criarProjetoPdqAcao" data-args-click="${argsAttr(meta.metaId)}"
script.js	2837	onclick="alternarFormNovaMetaPdq(${eixo.eixoId})"	data-on-click="alternarFormNovaMetaPdq" data-args-click="${argsAttr(eixo.eixoId)}"
script.js	2844	onclick="criarMetaPdqAcao(${eixo.eixoId})"	data-on-click="criarMetaPdqAcao" data-args-click="${argsAttr(eixo.eixoId)}"
script.js	2962	onclick="homologarRemanejamentoPdqAcao(${data.remanejamentoId})"	data-on-click="homologarRemanejamentoPdqAcao" data-args-click="${argsAttr(data.remanejamentoId)}"
script.js	2963	onclick="rejeitarRemanejamentoPdqAcao(${data.remanejamentoId})"	data-on-click="rejeitarRemanejamentoPdqAcao" data-args-click="${argsAttr(data.remanejamentoId)}"
script.js	3253	onclick="verDetalheRateioGeralAcao(${r.rateioGeralId})"	data-on-click="verDetalheRateioGeralAcao" data-args-click="${argsAttr(r.rateioGeralId)}"
script.js	3408	onclick="resolverRiscoVinculoAcao(${r.riscoVinculoId})"	data-on-click="resolverRiscoVinculoAcao" data-args-click="${argsAttr(r.riscoVinculoId)}"
script.js	3514	onclick="abrirParecerViabilidadeAcao(${a.AlienacaoId})"	data-on-click="abrirParecerViabilidadeAcao" data-args-click="${argsAttr(a.AlienacaoId)}"
script.js	3533	onclick="emitirParecerViabilidadeAcao()"	data-on-click="emitirParecerViabilidadeAcao"
script.js	3756	onclick="registrarDevolucaoChaveAcao(${r.RetiradaId})"	data-on-click="registrarDevolucaoChaveAcao" data-args-click="${argsAttr(r.RetiradaId)}"
script.js	3791	onclick="concluirManutencaoVeiculoAcao(${m.ManutencaoId})"	data-on-click="concluirManutencaoVeiculoAcao" data-args-click="${argsAttr(m.ManutencaoId)}"
script.js	3855	onclick="verDetalheConciliacaoAcao(${c.conciliacaoId})"	data-on-click="verDetalheConciliacaoAcao" data-args-click="${argsAttr(c.conciliacaoId)}"
script.js	3894	onclick="resolverDivergenciaAcao(${d.divergenciaId})"	data-on-click="resolverDivergenciaAcao" data-args-click="${argsAttr(d.divergenciaId)}"
script.js	3979	onclick="confirmarRepasseAcao(${r.repasseId})"	data-on-click="confirmarRepasseAcao" data-args-click="${argsAttr(r.repasseId)}"
script.js	4126	onclick="cancelarCessaoTemploAcao(${Number(c.cessaoId)})"	data-on-click="cancelarCessaoTemploAcao" data-args-click="${argsAttr(Number(c.cessaoId))}"
script.js	4413	onclick="acaoObra(${o.ObraId}, 'CONFIRMAR_PLACA')"	data-on-click="acaoObra" data-args-click="${argsAttr(o.ObraId, "CONFIRMAR_PLACA")}"
script.js	4415	onclick="acaoObra(${o.ObraId}, 'INAUGURAR')"	data-on-click="acaoObra" data-args-click="${argsAttr(o.ObraId, "INAUGURAR")}"
script.js	4412	onclick="acaoObra(${o.ObraId}, 'MARCAR_PEDRA_FUNDAMENTAL')"	data-on-click="acaoObra" data-args-click="${argsAttr(o.ObraId, "MARCAR_PEDRA_FUNDAMENTAL")}"
script.js	4414	onclick="acaoObra(${o.ObraId}, 'CONFIRMAR_EFICIENCIA_ENERGETICA')"	data-on-click="acaoObra" data-args-click="${argsAttr(o.ObraId, "CONFIRMAR_EFICIENCIA_ENERGETICA")}"
script.js	4556	onclick="verDetalheContaReceberAcao(${c.contaReceberId})"	data-on-click="verDetalheContaReceberAcao" data-args-click="${argsAttr(c.contaReceberId)}"
script.js	4595	onclick="confirmarContaReceberAcao(${contaReceberId})"	data-on-click="confirmarContaReceberAcao" data-args-click="${argsAttr(contaReceberId)}"
script.js	4596	onclick="cancelarContaReceberAcao(${contaReceberId})"	data-on-click="cancelarContaReceberAcao" data-args-click="${argsAttr(contaReceberId)}"
script.js	4785	onclick="confirmarAutolancamentoAcao(${l.lancamentoId}, 'CONFIRMAR')"	data-on-click="confirmarAutolancamentoAcao" data-args-click="${argsAttr(l.lancamentoId, "CONFIRMAR")}"
script.js	4786	onclick="confirmarAutolancamentoAcao(${l.lancamentoId}, 'REJEITAR')"	data-on-click="confirmarAutolancamentoAcao" data-args-click="${argsAttr(l.lancamentoId, "REJEITAR")}"
script.js	4788	onclick="cancelarLancamentoTesourariaAcao(${l.lancamentoId}, ${argJs(l.termoNumero)})"	data-on-click="cancelarLancamentoTesourariaAcao" data-args-click="${argsAttr(l.lancamentoId, String(l.termoNumero ?? ""))}"
script.js	4790	onclick="anexarComprovanteTesourariaAcao(${l.lancamentoId})"	data-on-click="anexarComprovanteTesourariaAcao" data-args-click="${argsAttr(l.lancamentoId)}"
script.js	4794	onchange="recalcularTotalConciliacaoPix()"	data-on-change="recalcularTotalConciliacaoPix"
script.js	4946	onclick="fecharMesTesourariaAcao(${congregacaoId}, ${argJs(mesReferencia)})"	data-on-click="fecharMesTesourariaAcao" data-args-click="${argsAttr(congregacaoId, String(mesReferencia ?? ""))}"
script.js	4984	onclick="registrarRepasseTesourariaAcao(${congregacaoId}, ${argJs(mesReferencia)})"	data-on-click="registrarRepasseTesourariaAcao" data-args-click="${argsAttr(congregacaoId, String(mesReferencia ?? ""))}"
script.js	5233	onclick="removerMeuVinculoAcao(${v.vinculoId})"	data-on-click="removerMeuVinculoAcao" data-args-click="${argsAttr(v.vinculoId)}"
script.js	5538	onclick="editarOrgao(${o.orgaoId})"	data-on-click="editarOrgao" data-args-click="${argsAttr(o.orgaoId)}"
script.js	5539	onclick="excluirOrgao(${o.orgaoId})"	data-on-click="excluirOrgao" data-args-click="${argsAttr(o.orgaoId)}"
script.js	5578	onclick="encerrarAssentoAcao(${a.assentoId})"	data-on-click="encerrarAssentoAcao" data-args-click="${argsAttr(a.assentoId)}"
script.js	5831	onclick="salvarCatalogo(${argJs(key)})"	data-on-click="salvarCatalogo" data-args-click="${argsAttr(String(key ?? ""))}"
script.js	5834	oninput="filtrarCatalogo(${argJs(key)})"	data-on-input="filtrarCatalogo" data-args-input="${argsAttr(String(key ?? ""))}"
script.js	5894	onclick="editarCatalogo(${argJs(key)}, ${argJs(x[c.idField])})"	data-on-click="editarCatalogo" data-args-click="${argsAttr(String(key ?? ""), String(x[c.idField] ?? ""))}"
script.js	5895	onclick="excluirCatalogo(${argJs(key)}, ${argJs(x[c.idField])})"	data-on-click="excluirCatalogo" data-args-click="${argsAttr(String(key ?? ""), String(x[c.idField] ?? ""))}"
script.js	5904	onclick="mudarPaginaCatalogo(${argJs(key)}, -1)"	data-on-click="mudarPaginaCatalogo" data-args-click="${argsAttr(String(key ?? ""), -1)}"
script.js	5906	onclick="mudarPaginaCatalogo(${argJs(key)}, 1)"	data-on-click="mudarPaginaCatalogo" data-args-click="${argsAttr(String(key ?? ""), 1)}"
script.js	5971	onclick="selecionarOrgaoReunioes(${argJs(o.chave)})"	data-on-click="selecionarOrgaoReunioes" data-args-click="${argsAttr(String(o.chave ?? ""))}"
script.js	6096	onclick="encerrarAssentoCLIAcao(${a.assentoId})"	data-on-click="encerrarAssentoCLIAcao" data-args-click="${argsAttr(a.assentoId)}"
script.js	6148	onclick="removerMembroComissaoAcao('${siglaCadastroManual}', ${m.comissaoMembroId})"	data-on-click="removerMembroComissaoAcao" data-args-click="${argsAttr(String(siglaCadastroManual), m.comissaoMembroId)}"
script.js	6253	onclick="emitirParecerAcao(${p.projetoId}, ${argJs(par.sigla)}, 'FAVORAVEL')"	data-on-click="emitirParecerAcao" data-args-click="${argsAttr(p.projetoId, String(par.sigla ?? ""), "FAVORAVEL")}"
script.js	6254	onclick="emitirParecerAcao(${p.projetoId}, ${argJs(par.sigla)}, 'CONTRARIO')"	data-on-click="emitirParecerAcao" data-args-click="${argsAttr(p.projetoId, String(par.sigla ?? ""), "CONTRARIO")}"
script.js	6263	onclick="marcarUrgenciaAcao(${p.projetoId})"	data-on-click="marcarUrgenciaAcao" data-args-click="${argsAttr(p.projetoId)}"
script.js	6333	onclick="encerrarAssentoDiretoriaAcao(${a.assentoId})"	data-on-click="encerrarAssentoDiretoriaAcao" data-args-click="${argsAttr(a.assentoId)}"
script.js	6431	onclick="encerrarAssentoConselhoFiscalAcao(${a.assentoId})"	data-on-click="encerrarAssentoConselhoFiscalAcao" data-args-click="${argsAttr(a.assentoId)}"
script.js	6507	onclick="encerrarAssentoCEIAcao(${a.assentoId})"	data-on-click="encerrarAssentoCEIAcao" data-args-click="${argsAttr(a.assentoId)}"
script.js	6590	onclick="concluirRelatorioCautelarAcao(${m.medidaId})"	data-on-click="concluirRelatorioCautelarAcao" data-args-click="${argsAttr(m.medidaId)}"
script.js	6654	onclick="iniciarSessaoConvocadaAcao(${c.sessaoId})"	data-on-click="iniciarSessaoConvocadaAcao" data-args-click="${argsAttr(c.sessaoId)}"
script.js	6655	onclick="editarConvocacaoAcao(${c.sessaoId})"	data-on-click="editarConvocacaoAcao" data-args-click="${argsAttr(c.sessaoId)}"
script.js	6656	onclick="excluirConvocacaoAcao(${c.sessaoId})"	data-on-click="excluirConvocacaoAcao" data-args-click="${argsAttr(c.sessaoId)}"
script.js	6879	onclick="verFrequencia(${r.sessaoId}, ${argJs(r.descricao)})"	data-on-click="verFrequencia" data-args-click="${argsAttr(r.sessaoId, String(r.descricao ?? ""))}"
script.js	6881	onclick="baixarMinutaAta(${r.sessaoId})"	data-on-click="baixarMinutaAta" data-args-click="${argsAttr(r.sessaoId)}"
script.js	6880	onclick="encerrarReuniaoAcao(${r.sessaoId})"	data-on-click="encerrarReuniaoAcao" data-args-click="${argsAttr(r.sessaoId)}"
script.js	6882	onclick="abrirCredenciamentoAssembleia(${r.sessaoId})"	data-on-click="abrirCredenciamentoAssembleia" data-args-click="${argsAttr(r.sessaoId)}"
script.js	7013	onclick="mudarPaginaElegiveis(-1)"	data-on-click="mudarPaginaElegiveis" data-args-click="${argsAttr(-1)}"
script.js	7015	onclick="mudarPaginaElegiveis(1)"	data-on-click="mudarPaginaElegiveis" data-args-click="${argsAttr(1)}"
script.js	7067	onclick="marcarPresencaManual(${sessaoId}, ${item.membroId}, false)"	data-on-click="marcarPresencaManual" data-args-click="${argsAttr(sessaoId, item.membroId, false)}"
script.js	7068	onclick="marcarPresencaManual(${sessaoId}, ${item.membroId}, true)"	data-on-click="marcarPresencaManual" data-args-click="${argsAttr(sessaoId, item.membroId, true)}"
script.js	7071	onclick="aprovarJustificativaPendente(${sessaoId}, ${item.membroId}, ${argJs(item.justificativaPendente)})"	data-on-click="aprovarJustificativaPendente" data-args-click="${argsAttr(sessaoId, item.membroId, String(item.justificativaPendente ?? ""))}"
script.js	7072	onclick="rejeitarJustificativaAcao(${sessaoId}, ${item.membroId})"	data-on-click="rejeitarJustificativaAcao" data-args-click="${argsAttr(sessaoId, item.membroId)}"
script.js	7079	onclick="justificarFalta(${sessaoId}, ${item.membroId})"	data-on-click="justificarFalta" data-args-click="${argsAttr(sessaoId, item.membroId)}"
script.js	7278	onclick="abrirPerfilPessoa(${idSalvo})"	data-on-click="abrirPerfilPessoa" data-args-click="${argsAttr(idSalvo)}"
script.js	7456	onclick="gerarPinProvisorioAcao(${Number(membroId)})"	data-on-click="gerarPinProvisorioAcao" data-args-click="${argsAttr(Number(membroId))}"
script.js	7859	onclick="abrirPerfilPessoa(${p.membroId})"	data-on-click="abrirPerfilPessoa" data-args-click="${argsAttr(p.membroId)}"
script.js	7869	onclick="mudarPaginaPessoas(-1)"	data-on-click="mudarPaginaPessoas" data-args-click="${argsAttr(-1)}"
script.js	7871	onclick="mudarPaginaPessoas(1)"	data-on-click="mudarPaginaPessoas" data-args-click="${argsAttr(1)}"
script.js	7947	onclick="confirmarCartaPendente()"	data-on-click="confirmarCartaPendente"
script.js	7948	onclick="imprimirMinhaCarta(${c.cartaId})"	data-on-click="imprimirMinhaCarta" data-args-click="${argsAttr(c.cartaId)}"
script.js	7949	onclick="baixarPdfCarta(${c.cartaId}, ${c.membroId})"	data-on-click="baixarPdfCarta" data-args-click="${argsAttr(c.cartaId, c.membroId)}"
script.js	8028	onclick="imprimirCarta(${c.cartaId})"	data-on-click="imprimirCarta" data-args-click="${argsAttr(c.cartaId)}"
script.js	8026	onclick="emitirCarta(${c.cartaId})"	data-on-click="emitirCarta" data-args-click="${argsAttr(c.cartaId)}"
script.js	8027	onclick="cancelarCarta(${c.cartaId})"	data-on-click="cancelarCarta" data-args-click="${argsAttr(c.cartaId)}"
script.js	8029	onclick="baixarPdfCarta(${c.cartaId}, ${c.membroId})"	data-on-click="baixarPdfCarta" data-args-click="${argsAttr(c.cartaId, c.membroId)}"
script.js	8183	onclick="removerVinculoFamiliar(${v.vinculoId})"	data-on-click="removerVinculoFamiliar" data-args-click="${argsAttr(v.vinculoId)}"
script.js	8248	onclick="corrigirMarcoMembroAcao(${e.marcoId})"	data-on-click="corrigirMarcoMembroAcao" data-args-click="${argsAttr(e.marcoId)}"
script.js	8492	onclick="excluirCasamentoAcao(${c.casamentoId})"	data-on-click="excluirCasamentoAcao" data-args-click="${argsAttr(c.casamentoId)}"
script.js	8567	onclick="excluirApresentacaoCriancaAcao(${a.apresentacaoId})"	data-on-click="excluirApresentacaoCriancaAcao" data-args-click="${argsAttr(a.apresentacaoId)}"
script.js	8642	onclick="registrarRetornoLicencaAcao(${l.licencaId})"	data-on-click="registrarRetornoLicencaAcao" data-args-click="${argsAttr(l.licencaId)}"
script.js	8730	onclick="aprovarTodaSolicitacaoAcao(${s.solicitacaoId})"	data-on-click="aprovarTodaSolicitacaoAcao" data-args-click="${argsAttr(s.solicitacaoId)}"
script.js	8740	onclick="decidirCampoFilaAcao(${s.solicitacaoId}, ${c.campoId}, 'APROVADO')"	data-on-click="decidirCampoFilaAcao" data-args-click="${argsAttr(s.solicitacaoId, c.campoId, "APROVADO")}"
script.js	8741	onclick="decidirCampoFilaAcao(${s.solicitacaoId}, ${c.campoId}, 'REJEITADO')"	data-on-click="decidirCampoFilaAcao" data-args-click="${argsAttr(s.solicitacaoId, c.campoId, "REJEITADO")}"
script.js	8813	onclick="editarCongregacaoDetalhe(${c.congregacaoId})"	data-on-click="editarCongregacaoDetalhe" data-args-click="${argsAttr(c.congregacaoId)}"
script.js	8817	onclick="excluirCongregacaoDetalheAcao(${c.congregacaoId})"	data-on-click="excluirCongregacaoDetalheAcao" data-args-click="${argsAttr(c.congregacaoId)}"
script.js	8815	onclick="desativarCongregacaoDetalheAcao(${c.congregacaoId})"	data-on-click="desativarCongregacaoDetalheAcao" data-args-click="${argsAttr(c.congregacaoId)}"
script.js	8816	onclick="reativarCongregacaoDetalheAcao(${c.congregacaoId})"	data-on-click="reativarCongregacaoDetalheAcao" data-args-click="${argsAttr(c.congregacaoId)}"
script.js	9004	onclick="editarPapel(${p.papelId})"	data-on-click="editarPapel" data-args-click="${argsAttr(p.papelId)}"
script.js	9005	onclick="excluirCatalogo('papeis', '${p.papelId}')"	data-on-click="excluirCatalogo" data-args-click="${argsAttr("papeis", String(p.papelId))}"
script.js	9121	onclick="editarPermissao(${Number(l.membroId)})"	data-on-click="editarPermissao" data-args-click="${argsAttr(Number(l.membroId))}"
script.js	9122	onclick="redefinirSenhaLideranca(${Number(l.membroId)})"	data-on-click="redefinirSenhaLideranca" data-args-click="${argsAttr(Number(l.membroId))}"
script.js	9123	onclick="derrubarAcessosPessoa(${Number(l.membroId)})"	data-on-click="derrubarAcessosPessoa" data-args-click="${argsAttr(Number(l.membroId))}"
script.js	9124	onclick="removerPermissao(${Number(l.membroId)})"	data-on-click="removerPermissao" data-args-click="${argsAttr(Number(l.membroId))}"
script.js	9149	onchange="atualizarNotificacaoRegra(${argJs(r.chave)}, { ativa: this.checked })"	data-on-change="atualizarNotificacaoRegra" data-args-change="${argsAttr(String(r.chave ?? ""), { ativa: ARG.marcado })}"
script.js	9150	onchange="atualizarNotificacaoRegra(${argJs(r.chave)}, { canalEmail: this.checked })"	data-on-change="atualizarNotificacaoRegra" data-args-change="${argsAttr(String(r.chave ?? ""), { canalEmail: ARG.marcado })}"
script.js	9152	onclick="editarTituloNotificacaoRegra(${argJs(r.chave)}, ${argJs(r.titulo)})"	data-on-click="editarTituloNotificacaoRegra" data-args-click="${argsAttr(String(r.chave ?? ""), String(r.titulo ?? ""))}"
script.js	9329	onclick="avancarConsagracaoAcao(${argJs(c.consagracaoId)})"	data-on-click="avancarConsagracaoAcao" data-args-click="${argsAttr(String(c.consagracaoId ?? ""))}"
script.js	9330	onclick="reprovarConsagracaoAcao(${argJs(c.consagracaoId)})"	data-on-click="reprovarConsagracaoAcao" data-args-click="${argsAttr(String(c.consagracaoId ?? ""))}"
script.js	9384	onclick="acaoTurmaBatismo(${t.turmaId}, 'AUTORIZAR_MESA')"	data-on-click="acaoTurmaBatismo" data-args-click="${argsAttr(t.turmaId, "AUTORIZAR_MESA")}"
script.js	9386	onclick="acaoTurmaBatismo(${t.turmaId}, 'CANCELAR')"	data-on-click="acaoTurmaBatismo" data-args-click="${argsAttr(t.turmaId, "CANCELAR")}"
script.js	9385	onclick="acaoTurmaBatismo(${t.turmaId}, 'REALIZAR')"	data-on-click="acaoTurmaBatismo" data-args-click="${argsAttr(t.turmaId, "REALIZAR")}"
script.js	9435	onclick="parecerCandidatoBatismoAcao(${c.candidatoId})"	data-on-click="parecerCandidatoBatismoAcao" data-args-click="${argsAttr(c.candidatoId)}"
script.js	9436	onclick="alternarDiscipuladoBatismoAcao(${c.candidatoId}, ${!c.discipuladoConcluidoManual})"	data-on-click="alternarDiscipuladoBatismoAcao" data-args-click="${argsAttr(c.candidatoId, !c.discipuladoConcluidoManual)}"
script.js	9437	onclick="acaoCandidatoBatismo(${c.candidatoId}, 'ACEITAR_ESTATUTO')"	data-on-click="acaoCandidatoBatismo" data-args-click="${argsAttr(c.candidatoId, "ACEITAR_ESTATUTO")}"
script.js	9440	onclick="atribuirTurmaBatismoAcao(${c.candidatoId})"	data-on-click="atribuirTurmaBatismoAcao" data-args-click="${argsAttr(c.candidatoId)}"
script.js	9442	onclick="acaoCandidatoBatismo(${c.candidatoId}, 'APROVAR')"	data-on-click="acaoCandidatoBatismo" data-args-click="${argsAttr(c.candidatoId, "APROVAR")}"
script.js	9443	onclick="reprovarCandidatoBatismoAcao(${c.candidatoId})"	data-on-click="reprovarCandidatoBatismoAcao" data-args-click="${argsAttr(c.candidatoId)}"
script.js	9517	onchange="onChangeTipoPerguntaEnquete(${id})"	data-on-change="onChangeTipoPerguntaEnquete" data-args-change="${argsAttr(id)}"
script.js	9521	onclick="removerBlocoPerguntaEnquete(${id})"	data-on-click="removerBlocoPerguntaEnquete" data-args-click="${argsAttr(id)}"
script.js	9656	onclick="votarEnqueteAcao(${e.enqueteId})"	data-on-click="votarEnqueteAcao" data-args-click="${argsAttr(e.enqueteId)}"
script.js	9657	onclick="encerrarEnqueteAcao(${e.enqueteId})"	data-on-click="encerrarEnqueteAcao" data-args-click="${argsAttr(e.enqueteId)}"
script.js	9786	onchange="alterarVisibilidadeDocumentoAcao(${Number(d.documentoId)}, this.value)"	data-on-change="alterarVisibilidadeDocumentoAcao" data-args-change="${argsAttr(Number(d.documentoId), ARG.valor)}"
script.js	9799	onclick="excluirDocumentoAcao(${Number(d.documentoId)})"	data-on-click="excluirDocumentoAcao" data-args-click="${argsAttr(Number(d.documentoId))}"
script.js	9915	onchange="atualizarPoliticaRetencao(${p.politicaId}, { ativo: this.checked })"	data-on-change="atualizarPoliticaRetencao" data-args-change="${argsAttr(p.politicaId, { ativo: ARG.marcado })}"
script.js	9917	onclick="editarDiasRetencaoAcao(${p.politicaId}, ${p.diasRetencao != null ? Number(p.diasRetencao) : "null"})"	data-on-click="editarDiasRetencaoAcao" data-args-click="${argsAttr(p.politicaId, (p.diasRetencao != null) ? Number(p.diasRetencao) : null)}"
script.js	10088	onclick="designarRelatorAcao(${p.processoId})"	data-on-click="designarRelatorAcao" data-args-click="${argsAttr(p.processoId)}"
script.js	10089	onclick="citarAcao(${p.processoId})"	data-on-click="citarAcao" data-args-click="${argsAttr(p.processoId)}"
script.js	10090	onclick="afastarCautelarAcao(${p.processoId})"	data-on-click="afastarCautelarAcao" data-args-click="${argsAttr(p.processoId)}"
script.js	10091	onclick="registrarDefesaAcao(${p.processoId})"	data-on-click="registrarDefesaAcao" data-args-click="${argsAttr(p.processoId)}"
script.js	10092	onclick="designarDefensorAcao(${p.processoId})"	data-on-click="designarDefensorAcao" data-args-click="${argsAttr(p.processoId)}"
script.js	10093	onclick="julgarProcessoAcao(${p.processoId})"	data-on-click="julgarProcessoAcao" data-args-click="${argsAttr(p.processoId)}"
script.js	10094	onclick="ajustarPrazoProcessoAcao(${p.processoId})"	data-on-click="ajustarPrazoProcessoAcao" data-args-click="${argsAttr(p.processoId)}"
script.js	10095	onclick="registrarProvaReintegracaoAcao(${p.processoId})"	data-on-click="registrarProvaReintegracaoAcao" data-args-click="${argsAttr(p.processoId)}"
script.js	10096	onclick="recorrerAcao(${p.processoId})"	data-on-click="recorrerAcao" data-args-click="${argsAttr(p.processoId)}"
script.js	10097	onclick="homologarExclusaoAcao(${p.processoId})"	data-on-click="homologarExclusaoAcao" data-args-click="${argsAttr(p.processoId)}"
script.js	10385	onclick="abrirProcedimentoAbandonoAcao(${m.membroId}, 'MATERIAL')"	data-on-click="abrirProcedimentoAbandonoAcao" data-args-click="${argsAttr(m.membroId, "MATERIAL")}"
script.js	10463	onclick="homologarProcedimentoAbandonoAcao(${p.procedimentoId})"	data-on-click="homologarProcedimentoAbandonoAcao" data-args-click="${argsAttr(p.procedimentoId)}"
script.js	10465	onclick="arquivarProcedimentoAbandonoAcao(${p.procedimentoId})"	data-on-click="arquivarProcedimentoAbandonoAcao" data-args-click="${argsAttr(p.procedimentoId)}"
script.js	10466	onclick="registrarRecursoAbandonoAcao(${p.procedimentoId})"	data-on-click="registrarRecursoAbandonoAcao" data-args-click="${argsAttr(p.procedimentoId)}"
script.js	10556	onclick="abrirProcedimentoAbandonoAcao(${m.membroId}, 'DIGITAL')"	data-on-click="abrirProcedimentoAbandonoAcao" data-args-click="${argsAttr(m.membroId, "DIGITAL")}"
script.js	10638	onclick="solicitarJustificativaAcao(${argJs(matricula)}, ${item.sessaoId})"	data-on-click="solicitarJustificativaAcao" data-args-click="${argsAttr(String(matricula ?? ""), item.sessaoId)}"
script.js	10939	onclick="resolverAlertaComplianceAcao(${a.alertaId})"	data-on-click="resolverAlertaComplianceAcao" data-args-click="${argsAttr(a.alertaId)}"
script.js	11005	onclick="decidirRecertificacaoAcao(${r.recertificacaoId}, 'CONFIRMAR')"	data-on-click="decidirRecertificacaoAcao" data-args-click="${argsAttr(r.recertificacaoId, "CONFIRMAR")}"
script.js	11006	onclick="decidirRecertificacaoAcao(${r.recertificacaoId}, 'EXPIRAR')"	data-on-click="decidirRecertificacaoAcao" data-args-click="${argsAttr(r.recertificacaoId, "EXPIRAR")}"
script.js	11157	onclick="decidirSinalizacaoNifAcao(${s.sinalizacaoId}, 'CONFIRMAR')"	data-on-click="decidirSinalizacaoNifAcao" data-args-click="${argsAttr(s.sinalizacaoId, "CONFIRMAR")}"
script.js	11158	onclick="decidirSinalizacaoNifAcao(${s.sinalizacaoId}, 'DESCARTAR')"	data-on-click="decidirSinalizacaoNifAcao" data-args-click="${argsAttr(s.sinalizacaoId, "DESCARTAR")}"
script.js	11160	onclick="registrarComunicacaoCoafAcao(${s.sinalizacaoId})"	data-on-click="registrarComunicacaoCoafAcao" data-args-click="${argsAttr(s.sinalizacaoId)}"
script.js	11324	onclick="registrarDueDiligenceAcao(${f.FornecedorId}, 'APROVADO')"	data-on-click="registrarDueDiligenceAcao" data-args-click="${argsAttr(f.FornecedorId, "APROVADO")}"
script.js	11325	onclick="registrarDueDiligenceAcao(${f.FornecedorId}, 'REPROVADO')"	data-on-click="registrarDueDiligenceAcao" data-args-click="${argsAttr(f.FornecedorId, "REPROVADO")}"
script.js	11392	onclick="responderSolicitacaoDPO(${s.solicitacaoId}, 'EM_ANALISE')"	data-on-click="responderSolicitacaoDPO" data-args-click="${argsAttr(s.solicitacaoId, "EM_ANALISE")}"
script.js	11393	onclick="executarExclusaoDPO(${s.solicitacaoId})"	data-on-click="executarExclusaoDPO" data-args-click="${argsAttr(s.solicitacaoId)}"
script.js	11394	onclick="responderSolicitacaoDPO(${s.solicitacaoId}, 'NEGADA')"	data-on-click="responderSolicitacaoDPO" data-args-click="${argsAttr(s.solicitacaoId, "NEGADA")}"
script.js	11396	onclick="responderSolicitacaoDPO(${s.solicitacaoId}, 'EM_ANALISE')"	data-on-click="responderSolicitacaoDPO" data-args-click="${argsAttr(s.solicitacaoId, "EM_ANALISE")}"
script.js	11397	onclick="responderSolicitacaoDPO(${s.solicitacaoId}, 'ATENDIDA')"	data-on-click="responderSolicitacaoDPO" data-args-click="${argsAttr(s.solicitacaoId, "ATENDIDA")}"
script.js	11398	onclick="responderSolicitacaoDPO(${s.solicitacaoId}, 'NEGADA')"	data-on-click="responderSolicitacaoDPO" data-args-click="${argsAttr(s.solicitacaoId, "NEGADA")}"
script.js	11511	onclick="atribuirOuvidorAcao(${d.denunciaId})"	data-on-click="atribuirOuvidorAcao" data-args-click="${argsAttr(d.denunciaId)}"
script.js	11512	onclick="encaminharProcessoOuvidoriaAcao(${d.denunciaId})"	data-on-click="encaminharProcessoOuvidoriaAcao" data-args-click="${argsAttr(d.denunciaId)}"
script.js	11513	onclick="encaminharMediacaoOuvidoriaAcao(${d.denunciaId})"	data-on-click="encaminharMediacaoOuvidoriaAcao" data-args-click="${argsAttr(d.denunciaId)}"
script.js	11514	onclick="arquivarOuvidoriaAcao(${d.denunciaId})"	data-on-click="arquivarOuvidoriaAcao" data-args-click="${argsAttr(d.denunciaId)}"
script.js	11515	onclick="concluirOuvidoriaAcao(${d.denunciaId})"	data-on-click="concluirOuvidoriaAcao" data-args-click="${argsAttr(d.denunciaId)}"
script.js	11516	onclick="anonimizarOuvidoriaAcao(${d.denunciaId})"	data-on-click="anonimizarOuvidoriaAcao" data-args-click="${argsAttr(d.denunciaId)}"
script.js	11666	onclick="abrirDetalheMediacao(${m.mediacaoId})"	data-on-click="abrirDetalheMediacao" data-args-click="${argsAttr(m.mediacaoId)}"
script.js	11694	onclick="designarMediadorAcao(${mediacaoId})"	data-on-click="designarMediadorAcao" data-args-click="${argsAttr(mediacaoId)}"
script.js	11701	onclick="registrarSessaoMediacaoAcao(${mediacaoId})"	data-on-click="registrarSessaoMediacaoAcao" data-args-click="${argsAttr(mediacaoId)}"
script.js	11706	onclick="registrarAcordoMediacaoAcao(${mediacaoId})"	data-on-click="registrarAcordoMediacaoAcao" data-args-click="${argsAttr(mediacaoId)}"
script.js	11707	onclick="mediacaoSemAcordoAcao(${mediacaoId})"	data-on-click="mediacaoSemAcordoAcao" data-args-click="${argsAttr(mediacaoId)}"
script.js	11713	onclick="designarArbitroAcao(${mediacaoId})"	data-on-click="designarArbitroAcao" data-args-click="${argsAttr(mediacaoId)}"
script.js	11720	onclick="registrarSentencaArbitralAcao(${mediacaoId})"	data-on-click="registrarSentencaArbitralAcao" data-args-click="${argsAttr(mediacaoId)}"
script.js	11718	onclick="registrarCompromissoArbitralAcao(${mediacaoId})"	data-on-click="registrarCompromissoArbitralAcao" data-args-click="${argsAttr(mediacaoId)}"
script.js	11726	onclick="bifurcarDisciplinarAcao(${mediacaoId})"	data-on-click="bifurcarDisciplinarAcao" data-args-click="${argsAttr(mediacaoId)}"
script.js	11779	onclick="registrarDecisaoPresencialMediacaoAcao(${mediacaoId}, '${instrumento}')"	data-on-click="registrarDecisaoPresencialMediacaoAcao" data-args-click="${argsAttr(mediacaoId, String(instrumento))}"
script.js	11822	onclick="decidirMediacaoAcao(${c.mediacaoId}, '${instrumento}', 'ACEITE')"	data-on-click="decidirMediacaoAcao" data-args-click="${argsAttr(c.mediacaoId, String(instrumento), "ACEITE")}"
script.js	11823	onclick="decidirMediacaoAcao(${c.mediacaoId}, '${instrumento}', 'RECUSA')"	data-on-click="decidirMediacaoAcao" data-args-click="${argsAttr(c.mediacaoId, String(instrumento), "RECUSA")}"
script.js	12075	onclick="adicionarLinhaContribuinteRd()"	data-on-click="adicionarLinhaContribuinteRd"
script.js	12109	onclick="salvarRelatorioDeptoAcao()"	data-on-click="salvarRelatorioDeptoAcao"
script.js	12111	onclick="acaoFluxoRd('enviar')"	data-on-click="acaoFluxoRd" data-args-click="${argsAttr("enviar")}"
script.js	12116	onclick="acaoFluxoRd('aprovar-area')"	data-on-click="acaoFluxoRd" data-args-click="${argsAttr("aprovar-area")}"
script.js	12117	onclick="comentarFluxoRdAcao()"	data-on-click="comentarFluxoRdAcao"
script.js	12121	onclick="acaoFluxoRd('corrigir')"	data-on-click="acaoFluxoRd" data-args-click="${argsAttr("corrigir")}"
script.js	12122	onclick="acaoFluxoRd('aprovar-geral')"	data-on-click="acaoFluxoRd" data-args-click="${argsAttr("aprovar-geral")}"
script.js	12126	onclick="acaoFluxoRd('retificar')"	data-on-click="acaoFluxoRd" data-args-click="${argsAttr("retificar")}"
script.js	12131	onclick="reabrirRelatorioDeptoAcao()"	data-on-click="reabrirRelatorioDeptoAcao"
script.js	12289	onclick="abrirEdicaoPerfilRateioAcao()"	data-on-click="abrirEdicaoPerfilRateioAcao"
script.js	12298	onclick="lancarDespesaTesourariaDeptoAcao()"	data-on-click="lancarDespesaTesourariaDeptoAcao"
script.js	12304	onclick="fecharMesTesourariaDeptoAcao()"	data-on-click="fecharMesTesourariaDeptoAcao"
script.js	12375	onclick="salvarPerfilRateioAcao()"	data-on-click="salvarPerfilRateioAcao"
script.js	12630	onclick="abrirServicoEscalaAcao(${Number(s.servicoId)})"	data-on-click="abrirServicoEscalaAcao" data-args-click="${argsAttr(Number(s.servicoId))}"
script.js	12649	onclick="autoEscalarAcao(${servicoId})"	data-on-click="autoEscalarAcao" data-args-click="${argsAttr(servicoId)}"
script.js	12650	onclick="publicarEscalaAcao(${servicoId})"	data-on-click="publicarEscalaAcao" data-args-click="${argsAttr(servicoId)}"
script.js	12686	onclick="decidirTrocaAcao(${t.trocaId}, true)"	data-on-click="decidirTrocaAcao" data-args-click="${argsAttr(t.trocaId, true)}"
script.js	12687	onclick="decidirTrocaAcao(${t.trocaId}, false)"	data-on-click="decidirTrocaAcao" data-args-click="${argsAttr(t.trocaId, false)}"
script.js	12727	onclick="responderConviteEscalaAcao(${a.alocacaoId},'ACEITO')"	data-on-click="responderConviteEscalaAcao" data-args-click="${argsAttr(a.alocacaoId, "ACEITO")}"
script.js	12728	onclick="responderConviteEscalaAcao(${a.alocacaoId},'RECUSADO')"	data-on-click="responderConviteEscalaAcao" data-args-click="${argsAttr(a.alocacaoId, "RECUSADO")}"
script.js	12730	onclick="confirmarRecebimentoEscalaAcao(${a.alocacaoId})"	data-on-click="confirmarRecebimentoEscalaAcao" data-args-click="${argsAttr(a.alocacaoId)}"
script.js	12731	onclick="pedirTrocaEscalaAcao(${a.alocacaoId})"	data-on-click="pedirTrocaEscalaAcao" data-args-click="${argsAttr(a.alocacaoId)}"
script.js	12846	onclick="alternarContatoComMenoresAcao(${e.equipeId}, ${!e.contatoComMenores})"	data-on-click="alternarContatoComMenoresAcao" data-args-click="${argsAttr(e.equipeId, !e.contatoComMenores)}"
script.js	12875	onclick="abrirDetalheHabilitacaoAcao(${h.habilitacaoId})"	data-on-click="abrirDetalheHabilitacaoAcao" data-args-click="${argsAttr(h.habilitacaoId)}"
script.js	12913	onclick="marcarInaptoAcao(${habilitacaoId})"	data-on-click="marcarInaptoAcao" data-args-click="${argsAttr(habilitacaoId)}"
script.js	12914	onclick="reabilitarHabilitacaoAcao(${habilitacaoId})"	data-on-click="reabilitarHabilitacaoAcao" data-args-click="${argsAttr(habilitacaoId)}"
script.js	12912	onclick="concluirEtapaHabilitacaoAcao(${habilitacaoId}, ${argJs(proxima)})"	data-on-click="concluirEtapaHabilitacaoAcao" data-args-click="${argsAttr(habilitacaoId, String(proxima ?? ""))}"
script.js	13095	onclick="registrarEntregaAssistenciaAcao(${data.familia.familiaId})"	data-on-click="registrarEntregaAssistenciaAcao" data-args-click="${argsAttr(data.familia.familiaId)}"
script.js	13075	onclick="registrarParecerAssistenciaAcao(${cadastroAtivo.cadastroId}, ${data.familia.familiaId})"	data-on-click="registrarParecerAssistenciaAcao" data-args-click="${argsAttr(cadastroAtivo.cadastroId, data.familia.familiaId)}"
script.js	13082	onclick="abrirCadastroSocioeconomicoAcao(${data.familia.familiaId})"	data-on-click="abrirCadastroSocioeconomicoAcao" data-args-click="${argsAttr(data.familia.familiaId)}"
script.js	13196	onclick="descredenciarProfissionalAssistenciaAcao(${p.profissionalId})"	data-on-click="descredenciarProfissionalAssistenciaAcao" data-args-click="${argsAttr(p.profissionalId)}"
script.js	13288	onclick="encerrarProfessorEbdAcao(${turmaId}, ${p.membroId})"	data-on-click="encerrarProfessorEbdAcao" data-args-click="${argsAttr(turmaId, p.membroId)}"
script.js	13502	onclick="lancarPresencaEbdAcao(${a.alunoId}, 'PRESENTE')"	data-on-click="lancarPresencaEbdAcao" data-args-click="${argsAttr(a.alunoId, "PRESENTE")}"
script.js	13503	onclick="lancarPresencaEbdAcao(${a.alunoId}, 'AUSENTE')"	data-on-click="lancarPresencaEbdAcao" data-args-click="${argsAttr(a.alunoId, "AUSENTE")}"
script.js	13688	onclick="descartarGrupoOfflineEbdAcao(${Number(turmaId)}, ${argJs(data)})"	data-on-click="descartarGrupoOfflineEbdAcao" data-args-click="${argsAttr(Number(turmaId), String(data ?? ""))}"
script.js	13719	onclick="removerTurmaOfflineEbdAcao(${Number(p.turma.turmaId)})"	data-on-click="removerTurmaOfflineEbdAcao" data-args-click="${argsAttr(Number(p.turma.turmaId))}"
script.js	13723	onclick="sincronizarChamadaOfflineAcao(true)"	data-on-click="sincronizarChamadaOfflineAcao" data-args-click="${argsAttr(true)}"
script.js	13792	onclick="marcarPresencaOfflineEbd(${turmaId}, ${argJs(data)}, ${Number(a.alunoId)}, 'PRESENTE')"	data-on-click="marcarPresencaOfflineEbd" data-args-click="${argsAttr(turmaId, String(data ?? ""), Number(a.alunoId), "PRESENTE")}"
script.js	13793	onclick="marcarPresencaOfflineEbd(${turmaId}, ${argJs(data)}, ${Number(a.alunoId)}, 'AUSENTE')"	data-on-click="marcarPresencaOfflineEbd" data-args-click="${argsAttr(turmaId, String(data ?? ""), Number(a.alunoId), "AUSENTE")}"
script.js	14005	onclick="editarPlanoEbdAcao(${Number(p.planoId)})"	data-on-click="editarPlanoEbdAcao" data-args-click="${argsAttr(Number(p.planoId))}"
script.js	14009	onclick="excluirPlanoEbdAcao(${Number(p.planoId)})"	data-on-click="excluirPlanoEbdAcao" data-args-click="${argsAttr(Number(p.planoId))}"
script.js	14003	onclick="removerMaterialPlanoEbdAcao(${Number(m.materialId)})"	data-on-click="removerMaterialPlanoEbdAcao" data-args-click="${argsAttr(Number(m.materialId))}"
script.js	14007	onclick="publicarPlanoEbdAcao(${Number(p.planoId)}, false)"	data-on-click="publicarPlanoEbdAcao" data-args-click="${argsAttr(Number(p.planoId), false)}"
script.js	14008	onclick="publicarPlanoEbdAcao(${Number(p.planoId)}, true)"	data-on-click="publicarPlanoEbdAcao" data-args-click="${argsAttr(Number(p.planoId), true)}"
script.js	14245	onclick="salvarRespostaEbdAcao(${q.questaoId})"	data-on-click="salvarRespostaEbdAcao" data-args-click="${argsAttr(q.questaoId)}"
script.js	14249	onclick="corrigirRespostaManualEbdAcao(${q.respostaId}, true)"	data-on-click="corrigirRespostaManualEbdAcao" data-args-click="${argsAttr(q.respostaId, true)}"
script.js	14250	onclick="corrigirRespostaManualEbdAcao(${q.respostaId}, false)"	data-on-click="corrigirRespostaManualEbdAcao" data-args-click="${argsAttr(q.respostaId, false)}"
script.js	14379	onclick="imprimirCertificado(${c.certificadoId})"	data-on-click="imprimirCertificado" data-args-click="${argsAttr(c.certificadoId)}"
script.js	14380	onclick="baixarPdfCertificado(${c.certificadoId}, ${c.membroId})"	data-on-click="baixarPdfCertificado" data-args-click="${argsAttr(c.certificadoId, c.membroId)}"
script.js	14381	onclick="copiarLinkVerificacaoAcao(${argJs(c.codigoVerificacao)})"	data-on-click="copiarLinkVerificacaoAcao" data-args-click="${argsAttr(String(c.codigoVerificacao ?? ""))}"
script.js	14382	onclick="revogarCertificadoAcao(${c.certificadoId})"	data-on-click="revogarCertificadoAcao" data-args-click="${argsAttr(c.certificadoId)}"
script.js	14514	onclick="anonimizarAlunoEbdDpoAcao(${Number(a.alunoId)})"	data-on-click="anonimizarAlunoEbdDpoAcao" data-args-click="${argsAttr(Number(a.alunoId))}"
script.js	14521	onclick="anonimizarVisitanteEbdDpoAcao(${Number(v.chamadaId)})"	data-on-click="anonimizarVisitanteEbdDpoAcao" data-args-click="${argsAttr(Number(v.chamadaId))}"
script.js	14706	onclick="abrirMatriculaTrilhaAcao(${f.matriculaId})"	data-on-click="abrirMatriculaTrilhaAcao" data-args-click="${argsAttr(f.matriculaId)}"
script.js	14707	onclick="cancelarMatriculaTrilhaAcao(${f.matriculaId})"	data-on-click="cancelarMatriculaTrilhaAcao" data-args-click="${argsAttr(f.matriculaId)}"
script.js	14708	onclick="emitirCertificadoMatriculaAcao(${f.matriculaId})"	data-on-click="emitirCertificadoMatriculaAcao" data-args-click="${argsAttr(f.matriculaId)}"
script.js	14709	onclick="revogarCertificadoAcao(${cert.certificadoId})"	data-on-click="revogarCertificadoAcao" data-args-click="${argsAttr(cert.certificadoId)}"
script.js	14739	onclick="concluirModuloTrilhaAcao(${m.matriculaId}, ${mod.moduloId})"	data-on-click="concluirModuloTrilhaAcao" data-args-click="${argsAttr(m.matriculaId, mod.moduloId)}"
script.js	14789	onclick="removerRequisitoTrilhaAcao(${r.requisitoId})"	data-on-click="removerRequisitoTrilhaAcao" data-args-click="${argsAttr(r.requisitoId)}"
script.js	14863	onclick="imprimirCertificado(${cert.certificadoId})"	data-on-click="imprimirCertificado" data-args-click="${argsAttr(cert.certificadoId)}"
script.js	14864	onclick="baixarPdfCertificado(${cert.certificadoId}, ${f.membroId})"	data-on-click="baixarPdfCertificado" data-args-click="${argsAttr(cert.certificadoId, f.membroId)}"
script.js	14865	onclick="copiarLinkVerificacaoAcao(${argJs(cert.codigoVerificacao)})"	data-on-click="copiarLinkVerificacaoAcao" data-args-click="${argsAttr(String(cert.codigoVerificacao ?? ""))}"
script.js	15121	onclick="excluirLancamentoFinanceiroEbdAcao(${l.lancamentoId})"	data-on-click="excluirLancamentoFinanceiroEbdAcao" data-args-click="${argsAttr(l.lancamentoId)}"
script.js	15271	onclick="salvarCadernetaEbdAcao(${licaoId}, ${l.turmaId})"	data-on-click="salvarCadernetaEbdAcao" data-args-click="${argsAttr(licaoId, l.turmaId)}"
script.js	15363	onclick="fecharTrimestreEbdAcao(${cong.congregacaoId}, ${argJs(rel.trimestre)}, true)"	data-on-click="fecharTrimestreEbdAcao" data-args-click="${argsAttr(cong.congregacaoId, String(rel.trimestre ?? ""), true)}"
script.js	15364	onclick="fecharTrimestreEbdAcao(${cong.congregacaoId}, ${argJs(rel.trimestre)}, false)"	data-on-click="fecharTrimestreEbdAcao" data-args-click="${argsAttr(cong.congregacaoId, String(rel.trimestre ?? ""), false)}"
script.js	15811	onclick="abrirAvaliacaoPscAcao(${congregacaoId})"	data-on-click="abrirAvaliacaoPscAcao" data-args-click="${argsAttr(congregacaoId)}"
script.js	15814	onclick="carregarDetalhePscAcao(${Number(c.avaliacaoId)})"	data-on-click="carregarDetalhePscAcao" data-args-click="${argsAttr(Number(c.avaliacaoId))}"
script.js	15816	onclick="carregarHistoricoPscAcao(${congregacaoId})"	data-on-click="carregarHistoricoPscAcao" data-args-click="${argsAttr(congregacaoId)}"
script.js	15939	onclick="salvarRespostasPscAcao()"	data-on-click="salvarRespostasPscAcao"
script.js	15983	onchange="pscMarcarRespostaAcao(${id}, 'ATENDIDO')"	data-on-change="pscMarcarRespostaAcao" data-args-change="${argsAttr(id, "ATENDIDO")}"
script.js	15984	onchange="pscMarcarRespostaAcao(${id}, 'NAO_ATENDIDO')"	data-on-change="pscMarcarRespostaAcao" data-args-change="${argsAttr(id, "NAO_ATENDIDO")}"
script.js	15985	onclick="pscMarcarRespostaAcao(${id}, 'PENDENTE')"	data-on-click="pscMarcarRespostaAcao" data-args-click="${argsAttr(id, "PENDENTE")}"
script.js	15988	oninput="pscEditarTextoRespostaAcao(${id})"	data-on-input="pscEditarTextoRespostaAcao" data-args-input="${argsAttr(id)}"
script.js	15989	oninput="pscEditarTextoRespostaAcao(${id})"	data-on-input="pscEditarTextoRespostaAcao" data-args-input="${argsAttr(id)}"
script.js	16227	onclick="abrirFormReclassPscAcao(${id}, 'decretar')"	data-on-click="abrirFormReclassPscAcao" data-args-click="${argsAttr(id, "decretar")}"
script.js	16228	onclick="abrirFormReclassPscAcao(${id}, 'arquivar')"	data-on-click="abrirFormReclassPscAcao" data-args-click="${argsAttr(id, "arquivar")}"
script.js	16230	onclick="abrirFormReclassPscAcao(${id}, 'restabelecer')"	data-on-click="abrirFormReclassPscAcao" data-args-click="${argsAttr(id, "restabelecer")}"
script.js	16273	onclick="decretarReclassificacaoPscAcao(${id})"	data-on-click="decretarReclassificacaoPscAcao" data-args-click="${argsAttr(id)}"
script.js	16274	onclick="fecharFormReclassPscAcao(${id})"	data-on-click="fecharFormReclassPscAcao" data-args-click="${argsAttr(id)}"
script.js	16285	onclick="arquivarReclassificacaoPscAcao(${id})"	data-on-click="arquivarReclassificacaoPscAcao" data-args-click="${argsAttr(id)}"
script.js	16286	onclick="fecharFormReclassPscAcao(${id})"	data-on-click="fecharFormReclassPscAcao" data-args-click="${argsAttr(id)}"
script.js	16297	onclick="restabelecerReclassificacaoPscAcao(${id})"	data-on-click="restabelecerReclassificacaoPscAcao" data-args-click="${argsAttr(id)}"
script.js	16298	onclick="fecharFormReclassPscAcao(${id})"	data-on-click="fecharFormReclassPscAcao" data-args-click="${argsAttr(id)}"
script.js	16370	onclick="carregarDetalhePscAcao(${Number(a.avaliacaoId)})"	data-on-click="carregarDetalhePscAcao" data-args-click="${argsAttr(Number(a.avaliacaoId))}"
script.js	16431	onclick="editarCriterioPscAcao(${Number(c.criterioId)})"	data-on-click="editarCriterioPscAcao" data-args-click="${argsAttr(Number(c.criterioId))}"
script.js	16432	onclick="alternarCriterioPscAcao(${Number(c.criterioId)}, ${inativo(c) ? "true" : "false"})"	data-on-click="alternarCriterioPscAcao" data-args-click="${argsAttr(Number(c.criterioId), inativo(c) ? true : false)}"
script.js	16926	onclick="calSelecionarDiaAcao(${dia})"	data-on-click="calSelecionarDiaAcao" data-args-click="${argsAttr(dia)}"
script.js	16989	onclick="calAbrirEventoAcao(${Number(item.eventoId)})"	data-on-click="calAbrirEventoAcao" data-args-click="${argsAttr(Number(item.eventoId))}"
script.js	17144	onchange="calPropAgendarVerificacaoAcao()"	data-on-change="calPropAgendarVerificacaoAcao"
script.js	17278	onclick="calAbrirEventoAcao(${Number(c.eventoId)})"	data-on-click="calAbrirEventoAcao" data-args-click="${argsAttr(Number(c.eventoId))}"
script.js	17346	onclick="calAbrirEventoAcao(${eventoId})"	data-on-click="calAbrirEventoAcao" data-args-click="${argsAttr(eventoId)}"
script.js	17385	onclick="calCancelarRemarcacaoAcao()"	data-on-click="calCancelarRemarcacaoAcao"
script.js	17439	onclick="calAbrirEventoAcao(${id})"	data-on-click="calAbrirEventoAcao" data-args-click="${argsAttr(id)}"
script.js	17475	onclick="calAbrirEventoAcao(${Number(eventoId)})"	data-on-click="calAbrirEventoAcao" data-args-click="${argsAttr(Number(eventoId))}"
script.js	17517	onclick="evtAbrirDossieDoCalendarioAcao(${id})"	data-on-click="evtAbrirDossieDoCalendarioAcao" data-args-click="${argsAttr(id)}"
script.js	17543	onclick="calFecharFormAcaoDetalhe()"	data-on-click="calFecharFormAcaoDetalhe"
script.js	17556	onclick="calSalvarEdicaoEventoAcao()"	data-on-click="calSalvarEdicaoEventoAcao"
script.js	17573	onclick="calAbsorverEventoAcao()"	data-on-click="calAbsorverEventoAcao"
script.js	17677	onclick="calGerarCicloAcao(${ano})"	data-on-click="calGerarCicloAcao" data-args-click="${argsAttr(ano)}"
script.js	17678	onclick="calConsolidarAnoAcao(${ano})"	data-on-click="calConsolidarAnoAcao" data-args-click="${argsAttr(ano)}"
script.js	17681	onclick="calAbrirFormHomologarAcao(${ano})"	data-on-click="calAbrirFormHomologarAcao" data-args-click="${argsAttr(ano)}"
script.js	17705	onclick="calAbrirEventoAcao(${Number(i.eventoId)})"	data-on-click="calAbrirEventoAcao" data-args-click="${argsAttr(Number(i.eventoId))}"
script.js	17746	onclick="calHomologarAnoAcao(${a})"	data-on-click="calHomologarAnoAcao" data-args-click="${argsAttr(a)}"
script.js	17747	onclick="calFecharFormHomologarAcao(${a})"	data-on-click="calFecharFormHomologarAcao" data-args-click="${argsAttr(a)}"
script.js	17807	onclick="calEditarRegraAcao(${id})"	data-on-click="calEditarRegraAcao" data-args-click="${argsAttr(id)}"
script.js	17808	onclick="calAlternarRegraAcao(${id}, ${ativo ? "false" : "true"})"	data-on-click="calAlternarRegraAcao" data-args-click="${argsAttr(id, ativo ? false : true)}"
script.js	17938	onclick="calEditarTipoAcao(${id})"	data-on-click="calEditarTipoAcao" data-args-click="${argsAttr(id)}"
script.js	17939	onclick="calAlternarTipoAcao(${id}, ${ativo ? "false" : "true"})"	data-on-click="calAlternarTipoAcao" data-args-click="${argsAttr(id, ativo ? false : true)}"
script.js	18126	onclick="calMarcarPresencaAcao(${id}, 'PRESENTE')"	data-on-click="calMarcarPresencaAcao" data-args-click="${argsAttr(id, "PRESENTE")}"
script.js	18127	onclick="calAbrirJustificativaPresencaAcao(${id})"	data-on-click="calAbrirJustificativaPresencaAcao" data-args-click="${argsAttr(id)}"
script.js	18128	onclick="calMarcarPresencaAcao(${id}, 'AUSENTE_INJUSTIFICADA')"	data-on-click="calMarcarPresencaAcao" data-args-click="${argsAttr(id, "AUSENTE_INJUSTIFICADA")}"
script.js	18149	onclick="calEnviarJustificativaPresencaAcao(${id})"	data-on-click="calEnviarJustificativaPresencaAcao" data-args-click="${argsAttr(id)}"
script.js	18150	onclick="calFecharJustificativaPresencaAcao(${id})"	data-on-click="calFecharJustificativaPresencaAcao" data-args-click="${argsAttr(id)}"
script.js	18344	onclick="cnlCopiarTextoAcao(${indice})"	data-on-click="cnlCopiarTextoAcao" data-args-click="${argsAttr(indice)}"
script.js	18576	onclick="cnlAbrirCanalAcao(${Number(c.canalId)})"	data-on-click="cnlAbrirCanalAcao" data-args-click="${argsAttr(Number(c.canalId))}"
script.js	18585	onclick="cnlRegistrarParaCongregacaoAcao(${Number(c.congregacaoId)})"	data-on-click="cnlRegistrarParaCongregacaoAcao" data-args-click="${argsAttr(Number(c.congregacaoId))}"
script.js	18638	onclick="cnlAbrirCanalAcao(${Number(c.canalId)})"	data-on-click="cnlAbrirCanalAcao" data-args-click="${argsAttr(Number(c.canalId))}"
script.js	18841	onclick="cnlEditarCanalAcao()"	data-on-click="cnlEditarCanalAcao"
script.js	18870	onclick="cnlAbrirFormEncerrarAcao(${adminId})"	data-on-click="cnlAbrirFormEncerrarAcao" data-args-click="${argsAttr(adminId)}"
script.js	18881	onclick="cnlDesignarAdminAcao()"	data-on-click="cnlDesignarAdminAcao"
script.js	18895	onclick="cnlRegistrarConferenciaAcao()"	data-on-click="cnlRegistrarConferenciaAcao"
script.js	18904	onclick="cnlAbrirOcorrenciaAcao(${Number(o.ocorrenciaId)}, 'G')"	data-on-click="cnlAbrirOcorrenciaAcao" data-args-click="${argsAttr(Number(o.ocorrenciaId), "G")}"
script.js	18907	onclick="cnlEditarCanalAcao()"	data-on-click="cnlEditarCanalAcao"
script.js	18908	onclick="cnlAbrirFormCanalAcao('desativar')"	data-on-click="cnlAbrirFormCanalAcao" data-args-click="${argsAttr("desativar")}"
script.js	18909	onclick="cnlReativarCanalAcao()"	data-on-click="cnlReativarCanalAcao"
script.js	18910	onclick="cnlAbrirCanalAcao(${id}, true)"	data-on-click="cnlAbrirCanalAcao" data-args-click="${argsAttr(id, true)}"
script.js	18969	onclick="cnlEncerrarAdminAcao(${id})"	data-on-click="cnlEncerrarAdminAcao" data-args-click="${argsAttr(id)}"
script.js	18970	onclick="cnlFecharFormEncerrarAcao(${id})"	data-on-click="cnlFecharFormEncerrarAcao" data-args-click="${argsAttr(id)}"
script.js	19014	onclick="cnlDesativarCanalAcao()"	data-on-click="cnlDesativarCanalAcao"
script.js	19015	onclick="cnlFecharFormAcaoCanal()"	data-on-click="cnlFecharFormAcaoCanal"
script.js	19053	onclick="cnlAbrirOcorrenciaAcao(${id}, '${ctx}')"	data-on-click="cnlAbrirOcorrenciaAcao" data-args-click="${argsAttr(id, String(ctx))}"
script.js	19149	onclick="cnlRegistrarRemocaoAcao('${ctx}')"	data-on-click="cnlRegistrarRemocaoAcao" data-args-click="${argsAttr(String(ctx))}"
script.js	19155	onclick="cnlRegistrarAdvertenciaAcao('${ctx}')"	data-on-click="cnlRegistrarAdvertenciaAcao" data-args-click="${argsAttr(String(ctx))}"
script.js	19161	onclick="cnlDeclararImprocedenteAcao('${ctx}')"	data-on-click="cnlDeclararImprocedenteAcao" data-args-click="${argsAttr(String(ctx))}"
script.js	19267	onclick="cnlAbrirResolverTrocaAcao(${id})"	data-on-click="cnlAbrirResolverTrocaAcao" data-args-click="${argsAttr(id)}"
script.js	19282	onclick="cnlResolverTrocaAcao(${id})"	data-on-click="cnlResolverTrocaAcao" data-args-click="${argsAttr(id)}"
script.js	19283	onclick="cnlFecharResolverTrocaAcao(${id})"	data-on-click="cnlFecharResolverTrocaAcao" data-args-click="${argsAttr(id)}"
script.js	19386	onclick="cnlEditarTransmissaoAcao(${id})"	data-on-click="cnlEditarTransmissaoAcao" data-args-click="${argsAttr(id)}"
script.js	19481	onclick="cnlAceitarTermoTodosAcao()"	data-on-click="cnlAceitarTermoTodosAcao"
script.js	19499	onclick="cnlAceitarTermoAcao(${adminId})"	data-on-click="cnlAceitarTermoAcao" data-args-click="${argsAttr(adminId)}"
script.js	19924	onclick="evtAbrirDossieAcao(${id}, 'G')"	data-on-click="evtAbrirDossieAcao" data-args-click="${argsAttr(id, "G")}"
script.js	19981	onclick="evtAbrirDossieAcao(${Number(e.eventoId)}, 'G')"	data-on-click="evtAbrirDossieAcao" data-args-click="${argsAttr(Number(e.eventoId), "G")}"
script.js	20047	onclick="evtAbrirDossieAcao(${Number(e.eventoId)}, 'G')"	data-on-click="evtAbrirDossieAcao" data-args-click="${argsAttr(Number(e.eventoId), "G")}"
script.js	20117	onclick="evtAbrirDossieAcao(${id}, '${ctx}', true)"	data-on-click="evtAbrirDossieAcao" data-args-click="${argsAttr(id, String(ctx), true)}"
script.js	20164	onclick="evtAbrirEncerrarOrganizadorAcao(${oid}, '${ctx}')"	data-on-click="evtAbrirEncerrarOrganizadorAcao" data-args-click="${argsAttr(oid, String(ctx))}"
script.js	20175	onclick="evtDesignarOrganizadorAcao('${ctx}')"	data-on-click="evtDesignarOrganizadorAcao" data-args-click="${argsAttr(String(ctx))}"
script.js	20194	onclick="evtEncerrarOrganizadorAcao(${oid}, '${ctx}')"	data-on-click="evtEncerrarOrganizadorAcao" data-args-click="${argsAttr(oid, String(ctx))}"
script.js	20195	onclick="evtFecharEncerrarOrganizadorAcao(${oid}, '${ctx}')"	data-on-click="evtFecharEncerrarOrganizadorAcao" data-args-click="${argsAttr(oid, String(ctx))}"
script.js	20247	onclick="evtRegistrarConvidadoAcao('${ctx}')"	data-on-click="evtRegistrarConvidadoAcao" data-args-click="${argsAttr(String(ctx))}"
script.js	20266	onclick="evtAbrirEdicaoConvidadoAcao(${id}, '${ctx}')"	data-on-click="evtAbrirEdicaoConvidadoAcao" data-args-click="${argsAttr(id, String(ctx))}"
script.js	20267	onclick="evtSubmeterConvidadoAcao(${id}, '${ctx}')"	data-on-click="evtSubmeterConvidadoAcao" data-args-click="${argsAttr(id, String(ctx))}"
script.js	20269	onclick="evtOficializarConvidadoAcao(${id}, '${ctx}')"	data-on-click="evtOficializarConvidadoAcao" data-args-click="${argsAttr(id, String(ctx))}"
script.js	20271	onclick="evtAbrirCancelarConvidadoAcao(${id}, '${ctx}')"	data-on-click="evtAbrirCancelarConvidadoAcao" data-args-click="${argsAttr(id, String(ctx))}"
script.js	20349	onclick="evtSalvarConvidadoAcao(${id}, '${ctx}')"	data-on-click="evtSalvarConvidadoAcao" data-args-click="${argsAttr(id, String(ctx))}"
script.js	20350	onclick="evtFecharFormConvidadoAcao(${id}, '${ctx}')"	data-on-click="evtFecharFormConvidadoAcao" data-args-click="${argsAttr(id, String(ctx))}"
script.js	20391	onclick="evtCancelarConvidadoAcao(${id}, '${ctx}')"	data-on-click="evtCancelarConvidadoAcao" data-args-click="${argsAttr(id, String(ctx))}"
script.js	20392	onclick="evtFecharFormConvidadoAcao(${id}, '${ctx}')"	data-on-click="evtFecharFormConvidadoAcao" data-args-click="${argsAttr(id, String(ctx))}"
script.js	20413	onclick="evtAbrirCaixaAcao('${ctx}')"	data-on-click="evtAbrirCaixaAcao" data-args-click="${argsAttr(String(ctx))}"
script.js	20442	onclick="evtAbrirCancelarLancamentoAcao(${lid}, '${ctx}')"	data-on-click="evtAbrirCancelarLancamentoAcao" data-args-click="${argsAttr(lid, String(ctx))}"
script.js	20486	onchange="evtLancTipoMudouAcao('${ctx}')"	data-on-change="evtLancTipoMudouAcao" data-args-change="${argsAttr(String(ctx))}"
script.js	20495	onclick="evtLancarAcao('${ctx}')"	data-on-click="evtLancarAcao" data-args-click="${argsAttr(String(ctx))}"
script.js	20537	onclick="evtCancelarLancamentoAcao(${id}, '${ctx}')"	data-on-click="evtCancelarLancamentoAcao" data-args-click="${argsAttr(id, String(ctx))}"
script.js	20538	onclick="evtFecharCancelarLancamentoAcao(${id}, '${ctx}')"	data-on-click="evtFecharCancelarLancamentoAcao" data-args-click="${argsAttr(id, String(ctx))}"
script.js	20561	onclick="evtAdicionarDestinoAcao('${ctx}')"	data-on-click="evtAdicionarDestinoAcao" data-args-click="${argsAttr(String(ctx))}"
script.js	20574	onclick="evtEncerrarCaixaAcao('${ctx}')"	data-on-click="evtEncerrarCaixaAcao" data-args-click="${argsAttr(String(ctx))}"
script.js	20595	onchange="evtDestinosMudouAcao('${ctx}')"	data-on-change="evtDestinosMudouAcao" data-args-change="${argsAttr(String(ctx))}"
script.js	20597	oninput="evtDestinosMudouAcao('${ctx}')"	data-on-input="evtDestinosMudouAcao" data-args-input="${argsAttr(String(ctx))}"
script.js	20605	onclick="evtRemoverDestinoAcao(${i}, '${ctx}')"	data-on-click="evtRemoverDestinoAcao" data-args-click="${argsAttr(i, String(ctx))}"
script.js	20693	onclick="evtConferirCaixaAcao('${ctx}')"	data-on-click="evtConferirCaixaAcao" data-args-click="${argsAttr(String(ctx))}"
script.js	20700	onclick="evtDevolverCaixaAcao('${ctx}')"	data-on-click="evtDevolverCaixaAcao" data-args-click="${argsAttr(String(ctx))}"
script.js	20746	onclick="evtAbrirDossieAcao(${id}, 'M')"	data-on-click="evtAbrirDossieAcao" data-args-click="${argsAttr(id, "M")}"
script.js	20882	onchange="volAtualizarBotaoTermoAcao()"	data-on-change="volAtualizarBotaoTermoAcao"
script.js	20883	onclick="volAderirTermoAcao()"	data-on-click="volAderirTermoAcao"
script.js	20903	onchange="volAtualizarBotaoMenorAcao(${id})"	data-on-change="volAtualizarBotaoMenorAcao" data-args-change="${argsAttr(id)}"
script.js	20904	onclick="volAutorizarMenorAcao(${id}, this)"	data-on-click="volAutorizarMenorAcao" data-args-click="${argsAttr(id, ARG.elemento)}"
script.js	20970	onclick="mostrarSubAbaMeupainel('minhahabilitacao')"	data-on-click="mostrarSubAbaMeupainel" data-args-click="${argsAttr("minhahabilitacao")}"
script.js	21001	onclick="volRemoverLiderAcao(${equipeId}, ${Number(m.membroId)})"	data-on-click="volRemoverLiderAcao" data-args-click="${argsAttr(equipeId, Number(m.membroId))}"
script.js	21053	onclick="volReintegrarAcao(${Number(r.desligamentoId)}, '${origem}')"	data-on-click="volReintegrarAcao" data-args-click="${argsAttr(Number(r.desligamentoId), String(origem))}"
script.js	21066	onchange="volMudarNaturezaAcao(${Number(e.equipeId)}, this)"	data-on-change="volMudarNaturezaAcao" data-args-change="${argsAttr(Number(e.equipeId), ARG.elemento)}"
script.js	21126	onclick="volRetirarDoGrupoAcao(${gid}, ${Number(m.membroId)})"	data-on-click="volRetirarDoGrupoAcao" data-args-click="${argsAttr(gid, Number(m.membroId))}"
script.js	21129	onclick="volDesativarGrupoAcao(${gid})"	data-on-click="volDesativarGrupoAcao" data-args-click="${argsAttr(gid)}"
script.js	21133	onclick="volAdicionarAoGrupoAcao(${gid})"	data-on-click="volAdicionarAoGrupoAcao" data-args-click="${argsAttr(gid)}"
script.js	21174	onclick="volPreviaRodizioAcao(${rid})"	data-on-click="volPreviaRodizioAcao" data-args-click="${argsAttr(rid)}"
script.js	21175	onclick="volGerarRodizioAcao(${rid}, this)"	data-on-click="volGerarRodizioAcao" data-args-click="${argsAttr(rid, ARG.elemento)}"
script.js	21176	onclick="volCancelarFuturosAcao(${rid})"	data-on-click="volCancelarFuturosAcao" data-args-click="${argsAttr(rid)}"
script.js	21177	onclick="volAlternarRodizioAcao(${rid}, ${r.ativo ? "false" : "true"})"	data-on-click="volAlternarRodizioAcao" data-args-click="${argsAttr(rid, r.ativo ? false : true)}"
script.js	21164	onclick="volCriarGrupoAcao(${rid})"	data-on-click="volCriarGrupoAcao" data-args-click="${argsAttr(rid)}"
script.js	21376	onclick="volCopiarFraseAcao()"	data-on-click="volCopiarFraseAcao"
script.js	21485	onclick="volRevogarResponsavelAcao(${Number(r.responsavelId)})"	data-on-click="volRevogarResponsavelAcao" data-args-click="${argsAttr(Number(r.responsavelId))}"
index.html	32	onsubmit="event.preventDefault(); enviarPresenca();"	data-on-submit="enviarPresenca" data-prevent="submit"
index.html	44	onclick="mostrarTelaPainelInicial()"	data-on-click="mostrarTelaPainelInicial"
index.html	45	onclick="abrirTelaChamadaOffline(); return false;"	data-on-click="abrirTelaChamadaOffline" data-prevent="click"
index.html	57	onsubmit="event.preventDefault(); acessarPainel();"	data-on-submit="acessarPainel" data-prevent="submit"
index.html	73	onclick="alternarLoginPorCodigo()"	data-on-click="alternarLoginPorCodigo"
index.html	76	onclick="solicitarCodigoAcessoAcao()"	data-on-click="solicitarCodigoAcessoAcao"
index.html	80	onclick="confirmarCodigoAcessoAcao()"	data-on-click="confirmarCodigoAcessoAcao"
index.html	84	onclick="abrirTelaChamadaOffline(); return false;"	data-on-click="abrirTelaChamadaOffline" data-prevent="click"
index.html	85	onclick="voltarParaCheckin()"	data-on-click="voltarParaCheckin"
index.html	92	onsubmit="event.preventDefault(); criarPinAcao();"	data-on-submit="criarPinAcao" data-prevent="submit"
index.html	111	onclick="alternarSidebar()"	data-on-click="alternarSidebar"
index.html	119	onclick="sairDoModulo()"	data-on-click="sairDoModulo"
index.html	121	onclick="mostrarSubAbaMeupainel('perfil')"	data-on-click="mostrarSubAbaMeupainel" data-args-click='["perfil"]'
index.html	122	onclick="mostrarSubAbaMeupainel('dados')"	data-on-click="mostrarSubAbaMeupainel" data-args-click='["dados"]'
index.html	123	onclick="mostrarSubAbaMeupainel('vinculos')"	data-on-click="mostrarSubAbaMeupainel" data-args-click='["vinculos"]'
index.html	124	onclick="mostrarSubAbaMeupainel('contribuicoes')"	data-on-click="mostrarSubAbaMeupainel" data-args-click='["contribuicoes"]'
index.html	125	onclick="mostrarSubAbaMeupainel('lgpd')"	data-on-click="mostrarSubAbaMeupainel" data-args-click='["lgpd"]'
index.html	126	onclick="mostrarSubAbaMeupainel('cartas')"	data-on-click="mostrarSubAbaMeupainel" data-args-click='["cartas"]'
index.html	127	onclick="mostrarSubAbaMeupainel('minhasescalas')"	data-on-click="mostrarSubAbaMeupainel" data-args-click='["minhasescalas"]'
index.html	128	onclick="mostrarSubAbaMeupainel('minhahabilitacao')"	data-on-click="mostrarSubAbaMeupainel" data-args-click='["minhahabilitacao"]'
index.html	129	onclick="mostrarSubAbaMeupainel('minhasconquistas')"	data-on-click="mostrarSubAbaMeupainel" data-args-click='["minhasconquistas"]'
index.html	130	onclick="mostrarSubAbaMeupainel('minhaformacao')"	data-on-click="mostrarSubAbaMeupainel" data-args-click='["minhaformacao"]'
index.html	131	onclick="mostrarSubAbaMeupainel('agenda')"	data-on-click="mostrarSubAbaMeupainel" data-args-click='["agenda"]'
index.html	132	onclick="mostrarSubAbaMeupainel('canais')"	data-on-click="mostrarSubAbaMeupainel" data-args-click='["canais"]'
index.html	133	onclick="mostrarSubAbaMeupainel('eventos')"	data-on-click="mostrarSubAbaMeupainel" data-args-click='["eventos"]'
index.html	134	onclick="mostrarSubAbaMeupainel('tarefas')"	data-on-click="mostrarSubAbaMeupainel" data-args-click='["tarefas"]'
index.html	135	onclick="mostrarSubAbaMeupainel('seguranca')"	data-on-click="mostrarSubAbaMeupainel" data-args-click='["seguranca"]'
index.html	138	onclick="sairDoModulo()"	data-on-click="sairDoModulo"
index.html	145	onclick="mostrarAbaSecretaria('financeiro')"	data-on-click="mostrarAbaSecretaria" data-args-click='["financeiro"]'
index.html	147	onclick="mostrarSubAbaFinanceiro('visaogeral')"	data-on-click="mostrarSubAbaFinanceiro" data-args-click='["visaogeral"]'
index.html	148	onclick="mostrarSubAbaFinanceiro('situacaotesouro')"	data-on-click="mostrarSubAbaFinanceiro" data-args-click='["situacaotesouro"]'
index.html	149	onclick="mostrarSubAbaFinanceiro('lancamentos')"	data-on-click="mostrarSubAbaFinanceiro" data-args-click='["lancamentos"]'
index.html	150	onclick="mostrarSubAbaFinanceiro('planocontas')"	data-on-click="mostrarSubAbaFinanceiro" data-args-click='["planocontas"]'
index.html	151	onclick="mostrarSubAbaFinanceiro('campanhas')"	data-on-click="mostrarSubAbaFinanceiro" data-args-click='["campanhas"]'
index.html	152	onclick="mostrarSubAbaFinanceiro('saidas')"	data-on-click="mostrarSubAbaFinanceiro" data-args-click='["saidas"]'
index.html	153	onclick="mostrarSubAbaFinanceiro('receber')"	data-on-click="mostrarSubAbaFinanceiro" data-args-click='["receber"]'
index.html	154	onclick="mostrarSubAbaFinanceiro('orcamento')"	data-on-click="mostrarSubAbaFinanceiro" data-args-click='["orcamento"]'
index.html	155	onclick="mostrarSubAbaFinanceiro('pdq')"	data-on-click="mostrarSubAbaFinanceiro" data-args-click='["pdq"]'
index.html	156	onclick="mostrarSubAbaFinanceiro('demonstracoes')"	data-on-click="mostrarSubAbaFinanceiro" data-args-click='["demonstracoes"]'
index.html	157	onclick="mostrarSubAbaFinanceiro('rateiogeral')"	data-on-click="mostrarSubAbaFinanceiro" data-args-click='["rateiogeral"]'
index.html	158	onclick="mostrarSubAbaFinanceiro('prebenda')"	data-on-click="mostrarSubAbaFinanceiro" data-args-click='["prebenda"]'
index.html	159	onclick="mostrarSubAbaFinanceiro('patrimonio')"	data-on-click="mostrarSubAbaFinanceiro" data-args-click='["patrimonio"]'
index.html	160	onclick="mostrarSubAbaFinanceiro('frota')"	data-on-click="mostrarSubAbaFinanceiro" data-args-click='["frota"]'
index.html	161	onclick="mostrarSubAbaFinanceiro('conciliacao')"	data-on-click="mostrarSubAbaFinanceiro" data-args-click='["conciliacao"]'
index.html	162	onclick="mostrarSubAbaFinanceiro('investimentos')"	data-on-click="mostrarSubAbaFinanceiro" data-args-click='["investimentos"]'
index.html	163	onclick="mostrarSubAbaFinanceiro('repasses')"	data-on-click="mostrarSubAbaFinanceiro" data-args-click='["repasses"]'
index.html	164	onclick="mostrarSubAbaFinanceiro('seguros')"	data-on-click="mostrarSubAbaFinanceiro" data-args-click='["seguros"]'
index.html	165	onclick="mostrarSubAbaFinanceiro('parametrosmonetarios')"	data-on-click="mostrarSubAbaFinanceiro" data-args-click='["parametrosmonetarios"]'
index.html	166	onclick="mostrarSubAbaFinanceiro('cessoes')"	data-on-click="mostrarSubAbaFinanceiro" data-args-click='["cessoes"]'
index.html	167	onclick="mostrarSubAbaFinanceiro('obrigacoes')"	data-on-click="mostrarSubAbaFinanceiro" data-args-click='["obrigacoes"]'
index.html	168	onclick="mostrarSubAbaFinanceiro('imunidade')"	data-on-click="mostrarSubAbaFinanceiro" data-args-click='["imunidade"]'
index.html	169	onclick="mostrarSubAbaFinanceiro('receitasacessorias')"	data-on-click="mostrarSubAbaFinanceiro" data-args-click='["receitasacessorias"]'
index.html	170	onclick="mostrarSubAbaFinanceiro('imoveis')"	data-on-click="mostrarSubAbaFinanceiro" data-args-click='["imoveis"]'
index.html	171	onclick="mostrarSubAbaFinanceiro('obras')"	data-on-click="mostrarSubAbaFinanceiro" data-args-click='["obras"]'
index.html	172	onclick="mostrarSubAbaFinanceiro('dizimistas')"	data-on-click="mostrarSubAbaFinanceiro" data-args-click='["dizimistas"]'
index.html	173	onclick="mostrarSubAbaFinanceiro('fechamento')"	data-on-click="mostrarSubAbaFinanceiro" data-args-click='["fechamento"]'
index.html	174	onclick="mostrarSubAbaFinanceiro('relatorio')"	data-on-click="mostrarSubAbaFinanceiro" data-args-click='["relatorio"]'
index.html	175	onclick="mostrarSubAbaFinanceiro('parametros')"	data-on-click="mostrarSubAbaFinanceiro" data-args-click='["parametros"]'
index.html	176	onclick="mostrarSubAbaFinanceiro('consolidado')"	data-on-click="mostrarSubAbaFinanceiro" data-args-click='["consolidado"]'
index.html	199	onclick="mostrarAbaSecretaria('pessoas')"	data-on-click="mostrarAbaSecretaria" data-args-click='["pessoas"]'
index.html	201	onclick="mostrarSubAbaPessoas('cadastrar')"	data-on-click="mostrarSubAbaPessoas" data-args-click='["cadastrar"]'
index.html	202	onclick="mostrarSubAbaPessoas('buscar')"	data-on-click="mostrarSubAbaPessoas" data-args-click='["buscar"]'
index.html	203	onclick="mostrarSubAbaPessoas('aprovacoes')"	data-on-click="mostrarSubAbaPessoas" data-args-click='["aprovacoes"]'
index.html	205	onclick="mostrarAbaSecretaria('cartas')"	data-on-click="mostrarAbaSecretaria" data-args-click='["cartas"]'
index.html	206	onclick="mostrarAbaSecretaria('abandono')"	data-on-click="mostrarAbaSecretaria" data-args-click='["abandono"]'
index.html	213	onclick="mostrarAbaSecretaria('orgaos')"	data-on-click="mostrarAbaSecretaria" data-args-click='["orgaos"]'
index.html	214	onclick="mostrarAbaSecretaria('estrutura')"	data-on-click="mostrarAbaSecretaria" data-args-click='["estrutura"]'
index.html	215	onclick="mostrarAbaSecretaria('catalogos')"	data-on-click="mostrarAbaSecretaria" data-args-click='["catalogos"]'
index.html	246	onclick="mostrarAbaSecretaria('consagracoes')"	data-on-click="mostrarAbaSecretaria" data-args-click='["consagracoes"]'
index.html	247	onclick="mostrarAbaSecretaria('enquetes')"	data-on-click="mostrarAbaSecretaria" data-args-click='["enquetes"]'
index.html	248	onclick="mostrarAbaSecretaria('arquivos')"	data-on-click="mostrarAbaSecretaria" data-args-click='["arquivos"]'
index.html	254	onclick="mostrarAbaSecretaria('disciplina')"	data-on-click="mostrarAbaSecretaria" data-args-click='["disciplina"]'
index.html	255	onclick="mostrarAbaSecretaria('ouvidoria')"	data-on-click="mostrarAbaSecretaria" data-args-click='["ouvidoria"]'
index.html	256	onclick="mostrarAbaSecretaria('mediacao')"	data-on-click="mostrarAbaSecretaria" data-args-click='["mediacao"]'
index.html	262	onclick="mostrarAbaSecretaria('relatoriosdepto')"	data-on-click="mostrarAbaSecretaria" data-args-click='["relatoriosdepto"]'
index.html	268	onclick="mostrarAbaSecretaria('escalas')"	data-on-click="mostrarAbaSecretaria" data-args-click='["escalas"]'
index.html	274	onclick="mostrarAbaSecretaria('habilitacao')"	data-on-click="mostrarAbaSecretaria" data-args-click='["habilitacao"]'
index.html	282	onclick="mostrarAbaSecretaria('assistenciasocial')"	data-on-click="mostrarAbaSecretaria" data-args-click='["assistenciasocial"]'
index.html	291	onclick="mostrarAbaSecretaria('ebd')"	data-on-click="mostrarAbaSecretaria" data-args-click='["ebd"]'
index.html	301	onclick="mostrarAbaSecretaria('conquistas')"	data-on-click="mostrarAbaSecretaria" data-args-click='["conquistas"]'
index.html	311	onclick="mostrarAbaSecretaria('trilhas')"	data-on-click="mostrarAbaSecretaria" data-args-click='["trilhas"]'
index.html	321	onclick="mostrarAbaSecretaria('psc')"	data-on-click="mostrarAbaSecretaria" data-args-click='["psc"]'
index.html	334	onclick="mostrarAbaSecretaria('calendario')"	data-on-click="mostrarAbaSecretaria" data-args-click='["calendario"]'
index.html	346	onclick="mostrarAbaSecretaria('canais')"	data-on-click="mostrarAbaSecretaria" data-args-click='["canais"]'
index.html	358	onclick="mostrarAbaSecretaria('eventos')"	data-on-click="mostrarAbaSecretaria" data-args-click='["eventos"]'
index.html	364	onclick="mostrarAbaSecretaria('auditoria')"	data-on-click="mostrarAbaSecretaria" data-args-click='["auditoria"]'
index.html	365	onclick="mostrarAbaSecretaria('protecaodedados')"	data-on-click="mostrarAbaSecretaria" data-args-click='["protecaodedados"]'
index.html	366	onclick="mostrarAbaSecretaria('documentos')"	data-on-click="mostrarAbaSecretaria" data-args-click='["documentos"]'
index.html	374	onclick="mostrarAbaSecretaria('permissoes')"	data-on-click="mostrarAbaSecretaria" data-args-click='["permissoes"]'
index.html	379	onclick="sairDoPainel()"	data-on-click="sairDoPainel"
index.html	388	oninput="onDigitarBuscaGlobal()"	data-on-input="onDigitarBuscaGlobal"
index.html	395	onclick="alternarPainelNotificacoes()"	data-on-click="alternarPainelNotificacoes"
index.html	401	onclick="marcarTodasNotificacoesLidas()"	data-on-click="marcarTodasNotificacoesLidas"
index.html	409	onclick="alternarModoLeitura()"	data-on-click="alternarModoLeitura"
index.html	414	onclick="alternarAjudaContextual()"	data-on-click="alternarAjudaContextual"
index.html	435	onclick="instalarAppAcao()"	data-on-click="instalarAppAcao"
index.html	438	onclick="alternarPushAcao()"	data-on-click="alternarPushAcao"
index.html	449	onclick="fecharPrimeiroAcesso()"	data-on-click="fecharPrimeiroAcesso"
index.html	489	onsubmit="event.preventDefault(); alterarMeuPinAcao();"	data-on-submit="alterarMeuPinAcao" data-prevent="submit"
index.html	511	onsubmit="event.preventDefault(); trocarMinhaSenha();"	data-on-submit="trocarMinhaSenha" data-prevent="submit"
index.html	552	onclick="salvarMeusDadosAcao()"	data-on-click="salvarMeusDadosAcao"
index.html	602	onclick="enviarSolicitacaoEdicaoAcao()"	data-on-click="enviarSolicitacaoEdicaoAcao"
index.html	619	onclick="salvarMeuVinculoAcao()"	data-on-click="salvarMeuVinculoAcao"
index.html	646	onclick="registrarAutolancamentoAcao()"	data-on-click="registrarAutolancamentoAcao"
index.html	671	onchange="salvarConsentimentoLGPD()"	data-on-change="salvarConsentimentoLGPD"
index.html	675	onclick="alternarMeusDadosLGPD()"	data-on-click="alternarMeusDadosLGPD"
index.html	685	onclick="enviarMinhaFotoAcao()"	data-on-click="enviarMinhaFotoAcao"
index.html	691	onsubmit="event.preventDefault(); criarSolicitacaoLGPD();"	data-on-submit="criarSolicitacaoLGPD" data-prevent="submit"
index.html	711	onclick="solicitarCarta('RECOMENDACAO')"	data-on-click="solicitarCarta" data-args-click='["RECOMENDACAO"]'
index.html	712	onclick="solicitarCarta('MUDANCA')"	data-on-click="solicitarCarta" data-args-click='["MUDANCA"]'
index.html	713	onclick="solicitarCarta('ATESTADO_SUPLETIVO')"	data-on-click="solicitarCarta" data-args-click='["ATESTADO_SUPLETIVO"]'
index.html	743	onclick="declararIndisponibilidadeAcao()"	data-on-click="declararIndisponibilidadeAcao"
index.html	803	onchange="calMeuMudouCongregacaoAcao()"	data-on-change="calMeuMudouCongregacaoAcao"
index.html	804	onclick="carregarMinhaAgendaCalAcao()"	data-on-click="carregarMinhaAgendaCalAcao"
index.html	845	onchange="cnlAvisoCategoriaMudouAcao()"	data-on-change="cnlAvisoCategoriaMudouAcao"
index.html	850	oninput="cnlAvisoContarAcao()"	data-on-input="cnlAvisoContarAcao"
index.html	859	onclick="cnlEnviarAvisoAcao()"	data-on-click="cnlEnviarAvisoAcao"
index.html	867	onclick="cnlCarregarMeusAvisosAcao()"	data-on-click="cnlCarregarMeusAvisosAcao"
index.html	928	onclick="filtrarMinhasTarefas('comigo')"	data-on-click="filtrarMinhasTarefas" data-args-click='["comigo"]'
index.html	929	onclick="filtrarMinhasTarefas('atrasados')"	data-on-click="filtrarMinhasTarefas" data-args-click='["atrasados"]'
index.html	948	onsubmit="event.preventDefault(); criarDelegacaoAcao();"	data-on-submit="criarDelegacaoAcao" data-prevent="submit"
index.html	990	onsubmit="event.preventDefault(); convocarAssembleiaAcao();"	data-on-submit="convocarAssembleiaAcao" data-prevent="submit"
index.html	998	onchange="atualizarNucleoFundamentalVisivel()"	data-on-change="atualizarNucleoFundamentalVisivel"
index.html	1022	onclick="cancelarEdicaoConvocacaoAcao()"	data-on-click="cancelarEdicaoConvocacaoAcao"
index.html	1042	onsubmit="event.preventDefault(); abrirReuniao();"	data-on-submit="abrirReuniao" data-prevent="submit"
index.html	1078	onclick="credenciarMembroAcao()"	data-on-click="credenciarMembroAcao"
index.html	1088	onclick="gerarRelatorioCredenciamentoAcao()"	data-on-click="gerarRelatorioCredenciamentoAcao"
index.html	1118	oninput="aplicarFiltroElegiveis()"	data-on-input="aplicarFiltroElegiveis"
index.html	1149	onsubmit="event.preventDefault(); salvarAssentoCLI();"	data-on-submit="salvarAssentoCLI" data-prevent="submit"
index.html	1172	onsubmit="event.preventDefault(); adicionarMembroCCJ();"	data-on-submit="adicionarMembroCCJ" data-prevent="submit"
index.html	1197	onsubmit="event.preventDefault(); salvarProjeto();"	data-on-submit="salvarProjeto" data-prevent="submit"
index.html	1226	onsubmit="event.preventDefault(); salvarAssentoDiretoria();"	data-on-submit="salvarAssentoDiretoria" data-prevent="submit"
index.html	1257	onsubmit="event.preventDefault(); salvarAssentoConselhoFiscal();"	data-on-submit="salvarAssentoConselhoFiscal" data-prevent="submit"
index.html	1278	onsubmit="event.preventDefault(); aplicarMedidaCautelarAcao();"	data-on-submit="aplicarMedidaCautelarAcao" data-prevent="submit"
index.html	1316	onsubmit="event.preventDefault(); salvarAssentoCEI();"	data-on-submit="salvarAssentoCEI" data-prevent="submit"
index.html	1321	onclick="checarElegibilidadeCEIAcao();"	data-on-click="checarElegibilidadeCEIAcao"
index.html	1338	onsubmit="event.preventDefault(); salvarPessoa();"	data-on-submit="salvarPessoa" data-prevent="submit"
index.html	1488	onclick="baixarModeloPessoas()"	data-on-click="baixarModeloPessoas"
index.html	1489	onclick="prepararImportacaoPessoas()"	data-on-click="prepararImportacaoPessoas"
index.html	1496	oninput="aplicarFiltroPessoas()"	data-on-input="aplicarFiltroPessoas"
index.html	1497	onchange="aplicarFiltroPessoas()"	data-on-change="aplicarFiltroPessoas"
index.html	1506	onchange="aplicarFiltroPessoas()"	data-on-change="aplicarFiltroPessoas"
index.html	1509	onchange="aplicarFiltroPessoas()"	data-on-change="aplicarFiltroPessoas"
index.html	1512	onclick="abrirModalExportarPessoas()"	data-on-click="abrirModalExportarPessoas"
index.html	1532	onclick="voltarBuscaPessoas()"	data-on-click="voltarBuscaPessoas"
index.html	1539	onclick="desligarPessoaPerfilAcao()"	data-on-click="desligarPessoaPerfilAcao"
index.html	1544	onclick="mostrarAbaPerfil('dados')"	data-on-click="mostrarAbaPerfil" data-args-click='["dados"]'
index.html	1545	onclick="mostrarAbaPerfil('editar')"	data-on-click="mostrarAbaPerfil" data-args-click='["editar"]'
index.html	1546	onclick="mostrarAbaPerfil('historico')"	data-on-click="mostrarAbaPerfil" data-args-click='["historico"]'
index.html	1547	onclick="mostrarAbaPerfil('foto')"	data-on-click="mostrarAbaPerfil" data-args-click='["foto"]'
index.html	1548	onclick="mostrarAbaPerfil('casamentos')"	data-on-click="mostrarAbaPerfil" data-args-click='["casamentos"]'
index.html	1549	onclick="mostrarAbaPerfil('apresentacoes')"	data-on-click="mostrarAbaPerfil" data-args-click='["apresentacoes"]'
index.html	1550	onclick="mostrarAbaPerfil('licenca')"	data-on-click="mostrarAbaPerfil" data-args-click='["licenca"]'
index.html	1551	onclick="mostrarAbaPerfil('vinculos')"	data-on-click="mostrarAbaPerfil" data-args-click='["vinculos"]'
index.html	1575	onclick="registrarMarcoMembroAcao()"	data-on-click="registrarMarcoMembroAcao"
index.html	1586	onclick="concederConsentimentoFotoAcao()"	data-on-click="concederConsentimentoFotoAcao"
index.html	1588	onclick="enviarFotoMembroAcao()"	data-on-click="enviarFotoMembroAcao"
index.html	1615	onclick="salvarCasamento()"	data-on-click="salvarCasamento"
index.html	1644	onclick="salvarApresentacaoCrianca()"	data-on-click="salvarApresentacaoCrianca"
index.html	1656	onclick="salvarLicencaCandidatura()"	data-on-click="salvarLicencaCandidatura"
index.html	1668	onclick="salvarVinculoFamiliar()"	data-on-click="salvarVinculoFamiliar"
index.html	1679	onclick="processarSaidasCartas()"	data-on-click="processarSaidasCartas"
index.html	1691	onsubmit="event.preventDefault(); salvarOrgao();"	data-on-submit="salvarOrgao" data-prevent="submit"
index.html	1724	onsubmit="event.preventDefault(); salvarAssento();"	data-on-submit="salvarAssento" data-prevent="submit"
index.html	1757	onsubmit="event.preventDefault(); salvarCongregacaoDetalhe();"	data-on-submit="salvarCongregacaoDetalhe" data-prevent="submit"
index.html	1763	onclick="limparFormCongregacaoDetalhe()"	data-on-click="limparFormCongregacaoDetalhe"
index.html	1803	onsubmit="event.preventDefault(); salvarPapel();"	data-on-submit="salvarPapel" data-prevent="submit"
index.html	1828	onsubmit="event.preventDefault(); salvarPermissao();"	data-on-submit="salvarPermissao" data-prevent="submit"
index.html	1832	onchange="onChangeEscopoTipoPermissao()"	data-on-change="onChangeEscopoTipoPermissao"
index.html	1855	onsubmit="event.preventDefault(); salvarPermissaoLote();"	data-on-submit="salvarPermissaoLote" data-prevent="submit"
index.html	1862	onchange="onChangeEscopoTipoLote()"	data-on-change="onChangeEscopoTipoLote"
index.html	1898	onsubmit="event.preventDefault(); salvarConsagracao();"	data-on-submit="salvarConsagracao" data-prevent="submit"
index.html	1926	onsubmit="event.preventDefault(); salvarTurmaBatismoAcao();"	data-on-submit="salvarTurmaBatismoAcao" data-prevent="submit"
index.html	1946	onclick="inscreverCandidatoBatismoAcao()"	data-on-click="inscreverCandidatoBatismoAcao"
index.html	1956	onsubmit="event.preventDefault(); salvarEnquete();"	data-on-submit="salvarEnquete" data-prevent="submit"
index.html	1970	onchange="onChangePublicoEnquete()"	data-on-change="onChangePublicoEnquete"
index.html	1978	onclick="adicionarBlocoPerguntaEnquete()"	data-on-click="adicionarBlocoPerguntaEnquete"
index.html	1985	onchange="onChangeVinculanteEnquete()"	data-on-change="onChangeVinculanteEnquete"
index.html	2005	onsubmit="event.preventDefault(); salvarDocumentoAcao();"	data-on-submit="salvarDocumentoAcao" data-prevent="submit"
index.html	2050	onchange="carregarDocumentos()"	data-on-change="carregarDocumentos"
index.html	2079	onclick="registrarVersaoTextoMestreAcao()"	data-on-click="registrarVersaoTextoMestreAcao"
index.html	2103	onsubmit="event.preventDefault(); salvarProcessoDisciplinar();"	data-on-submit="salvarProcessoDisciplinar" data-prevent="submit"
index.html	2160	onsubmit="event.preventDefault(); registrarTentativaContatoAcao();"	data-on-submit="registrarTentativaContatoAcao" data-prevent="submit"
index.html	2203	onclick="carregarAuditoria()"	data-on-click="carregarAuditoria"
index.html	2213	onclick="carregarIndicadoresAcao()"	data-on-click="carregarIndicadoresAcao"
index.html	2217	onclick="carregarAlertasComplianceAcao()"	data-on-click="carregarAlertasComplianceAcao"
index.html	2225	onclick="registrarPrestacaoContasAcao()"	data-on-click="registrarPrestacaoContasAcao"
index.html	2232	onclick="carregarRecertificacoesAcao()"	data-on-click="carregarRecertificacoesAcao"
index.html	2237	onclick="verificarCadeiaAuditoriaAcao()"	data-on-click="verificarCadeiaAuditoriaAcao"
index.html	2247	onclick="registrarAncoragemAcao()"	data-on-click="registrarAncoragemAcao"
index.html	2263	onclick="registrarAuditoriaNivelAcao()"	data-on-click="registrarAuditoriaNivelAcao"
index.html	2277	onclick="registrarParecerConselhoAcao()"	data-on-click="registrarParecerConselhoAcao"
index.html	2293	onclick="registrarSinalizacaoNifAcao()"	data-on-click="registrarSinalizacaoNifAcao"
index.html	2318	onclick="registrarDoacaoAcao()"	data-on-click="registrarDoacaoAcao"
index.html	2334	onclick="registrarPoliticaAcao()"	data-on-click="registrarPoliticaAcao"
index.html	2340	onclick="registrarAceiteAcao()"	data-on-click="registrarAceiteAcao"
index.html	2353	onclick="registrarConflitoInteresseAcao()"	data-on-click="registrarConflitoInteresseAcao"
index.html	2362	onchange="carregarSolicitacoesDPO()"	data-on-change="carregarSolicitacoesDPO"
index.html	2383	onclick="buscarTitularesEbdDpoAcao()"	data-on-click="buscarTitularesEbdDpoAcao"
index.html	2410	onsubmit="event.preventDefault(); salvarDenunciaOuvidoria();"	data-on-submit="salvarDenunciaOuvidoria" data-prevent="submit"
index.html	2440	onclick="consultarProtocoloOuvidoriaAcao();"	data-on-click="consultarProtocoloOuvidoriaAcao"
index.html	2467	onclick="instaurarMediacaoAcao()"	data-on-click="instaurarMediacaoAcao"
index.html	2494	onclick="abrirRelatorioDeptoAcao()"	data-on-click="abrirRelatorioDeptoAcao"
index.html	2514	onclick="abrirTesourariaDeptoAcao()"	data-on-click="abrirTesourariaDeptoAcao"
index.html	2525	onchange="mudarNivelConsolidadoAcao()"	data-on-change="mudarNivelConsolidadoAcao"
index.html	2545	onclick="abrirConsolidadoDeptoAcao()"	data-on-click="abrirConsolidadoDeptoAcao"
index.html	2557	onclick="abrirSerieHistoricaCampoAcao()"	data-on-click="abrirSerieHistoricaCampoAcao"
index.html	2567	onclick="abrirComparativoPorteAcao()"	data-on-click="abrirComparativoPorteAcao"
index.html	2583	onclick="carregarEquipesAcao()"	data-on-click="carregarEquipesAcao"
index.html	2588	onclick="criarEquipeAcao()"	data-on-click="criarEquipeAcao"
index.html	2596	onclick="adicionarMembroEquipeAcao()"	data-on-click="adicionarMembroEquipeAcao"
index.html	2605	onclick="criarServicoAcao()"	data-on-click="criarServicoAcao"
index.html	2651	onclick="volCriarRodizioAcao(this)"	data-on-click="volCriarRodizioAcao" data-args-click='[{"$":"this"}]'
index.html	2689	onclick="volRemoverDaEscalaAcao(this)"	data-on-click="volRemoverDaEscalaAcao" data-args-click='[{"$":"this"}]'
index.html	2699	onclick="carregarTrocasPendentesAcao()"	data-on-click="carregarTrocasPendentesAcao"
index.html	2707	onclick="carregarPendenciasConfirmacaoAcao()"	data-on-click="carregarPendenciasConfirmacaoAcao"
index.html	2725	onclick="carregarEquipesFlagAcao()"	data-on-click="carregarEquipesFlagAcao"
index.html	2733	onclick="iniciarHabilitacaoAcao()"	data-on-click="iniciarHabilitacaoAcao"
index.html	2756	onchange="volAlternarFormaAdesaoAcao()"	data-on-change="volAlternarFormaAdesaoAcao"
index.html	2781	onclick="volRegistrarAdesaoAcao(this)"	data-on-click="volRegistrarAdesaoAcao" data-args-click='[{"$":"this"}]'
index.html	2808	onclick="volCadastrarResponsavelAcao(this)"	data-on-click="volCadastrarResponsavelAcao" data-args-click='[{"$":"this"}]'
index.html	2809	onclick="volVerResponsaveisAcao()"	data-on-click="volVerResponsaveisAcao"
index.html	2825	onchange="volAlternarOrigemRatificacaoAcao()"	data-on-change="volAlternarOrigemRatificacaoAcao"
index.html	2850	onclick="volRatificarAcao(this)"	data-on-click="volRatificarAcao" data-args-click='[{"$":"this"}]'
index.html	2874	onclick="registrarDesligamentoAcao()"	data-on-click="registrarDesligamentoAcao"
index.html	2889	onclick="carregarFamiliasAssistenciaAcao()"	data-on-click="carregarFamiliasAssistenciaAcao"
index.html	2899	onclick="criarFamiliaAssistenciaAcao()"	data-on-click="criarFamiliaAssistenciaAcao"
index.html	2909	onclick="carregarDetalheFamiliaAssistenciaAcao()"	data-on-click="carregarDetalheFamiliaAssistenciaAcao"
index.html	2920	onclick="credenciarProfissionalAssistenciaAcao()"	data-on-click="credenciarProfissionalAssistenciaAcao"
index.html	2932	onclick="carregarPrestacaoContasAssistenciaAcao()"	data-on-click="carregarPrestacaoContasAssistenciaAcao"
index.html	2952	onclick="carregarTurmasEbdAcao()"	data-on-click="carregarTurmasEbdAcao"
index.html	2959	onclick="criarTurmaEbdAcao()"	data-on-click="criarTurmaEbdAcao"
index.html	2969	onclick="carregarDetalheTurmaEbdAcao()"	data-on-click="carregarDetalheTurmaEbdAcao"
index.html	2979	onclick="designarProfessorEbdAcao()"	data-on-click="designarProfessorEbdAcao"
index.html	2990	onclick="matricularAlunoEbdAcao()"	data-on-click="matricularAlunoEbdAcao"
index.html	3010	onclick="matricularNaoMembroEbdAcao()"	data-on-click="matricularNaoMembroEbdAcao"
index.html	3022	onclick="vincularAlunoEbdAcao()"	data-on-click="vincularAlunoEbdAcao"
index.html	3023	onclick="encerrarMatriculaEbdAcao()"	data-on-click="encerrarMatriculaEbdAcao"
index.html	3033	onclick="transferirAlunoEbdAcao()"	data-on-click="transferirAlunoEbdAcao"
index.html	3040	oninput="carregarVisaoAgrupadaEbdAcao()"	data-on-input="carregarVisaoAgrupadaEbdAcao"
index.html	3056	onclick="buscarLicaoEbdAcao()"	data-on-click="buscarLicaoEbdAcao"
index.html	3057	onclick="abrirLicaoEbdAcao()"	data-on-click="abrirLicaoEbdAcao"
index.html	3065	onclick="fecharLicaoEbdAcao()"	data-on-click="fecharLicaoEbdAcao"
index.html	3066	onclick="reabrirLicaoEbdAcao()"	data-on-click="reabrirLicaoEbdAcao"
index.html	3075	onclick="carregarRosterChamadaEbdAcao()"	data-on-click="carregarRosterChamadaEbdAcao"
index.html	3084	onclick="registrarVisitanteEbdAcao()"	data-on-click="registrarVisitanteEbdAcao"
index.html	3107	onclick="baixarTurmaOfflineEbdAcao()"	data-on-click="baixarTurmaOfflineEbdAcao"
index.html	3108	onclick="abrirTelaChamadaOffline()"	data-on-click="abrirTelaChamadaOffline"
index.html	3114	onclick="carregarPlanosTurmaEbdAcao()"	data-on-click="carregarPlanosTurmaEbdAcao"
index.html	3124	onclick="carregarAusentesEbdAcao()"	data-on-click="carregarAusentesEbdAcao"
index.html	3138	onclick="carregarPlanosGestaoEbdAcao()"	data-on-click="carregarPlanosGestaoEbdAcao"
index.html	3157	onclick="salvarPlanoEbdAcao()"	data-on-click="salvarPlanoEbdAcao"
index.html	3158	onclick="limparFormPlanoEbd()"	data-on-click="limparFormPlanoEbd"
index.html	3168	onclick="adicionarMaterialPlanoEbdAcao()"	data-on-click="adicionarMaterialPlanoEbdAcao"
index.html	3184	onclick="carregarConteudoLicaoEbdAcao()"	data-on-click="carregarConteudoLicaoEbdAcao"
index.html	3191	onclick="salvarConteudoLicaoEbdAcao()"	data-on-click="salvarConteudoLicaoEbdAcao"
index.html	3198	onclick="criarAtividadeEbdAcao()"	data-on-click="criarAtividadeEbdAcao"
index.html	3199	onclick="carregarAtividadeEbdAcao()"	data-on-click="carregarAtividadeEbdAcao"
index.html	3207	onchange="atualizarFormularioQuestaoEbd()"	data-on-change="atualizarFormularioQuestaoEbd"
index.html	3220	onclick="adicionarQuestaoEbdAcao()"	data-on-click="adicionarQuestaoEbdAcao"
index.html	3228	onclick="carregarRespostasAlunoEbdAcao()"	data-on-click="carregarRespostasAlunoEbdAcao"
index.html	3237	onclick="carregarResumoAtividadeTurmaEbdAcao()"	data-on-click="carregarResumoAtividadeTurmaEbdAcao"
index.html	3257	onclick="emitirCertificadoEbdAcao()"	data-on-click="emitirCertificadoEbdAcao"
index.html	3264	onclick="carregarCertificadosEbdAcao()"	data-on-click="carregarCertificadosEbdAcao"
index.html	3287	onclick="cadastrarRevistaEbdAcao()"	data-on-click="cadastrarRevistaEbdAcao"
index.html	3293	onclick="carregarCatalogoRevistasEbdAcao()"	data-on-click="carregarCatalogoRevistasEbdAcao"
index.html	3301	onclick="carregarPedidosTurmaEbdAcao()"	data-on-click="carregarPedidosTurmaEbdAcao"
index.html	3314	onclick="sugerirPedidoRevistaEbdAcao()"	data-on-click="sugerirPedidoRevistaEbdAcao"
index.html	3318	onclick="criarPedidoRevistaEbdAcao()"	data-on-click="criarPedidoRevistaEbdAcao"
index.html	3319	onclick="atualizarItensPedidoRevistaEbdAcao()"	data-on-click="atualizarItensPedidoRevistaEbdAcao"
index.html	3328	onclick="aprovarPedidoRevistaEbdAcao()"	data-on-click="aprovarPedidoRevistaEbdAcao"
index.html	3329	onclick="registrarPagamentoPedidoRevistaEbdAcao()"	data-on-click="registrarPagamentoPedidoRevistaEbdAcao"
index.html	3338	onclick="carregarConsolidadoRevistasEbdAcao()"	data-on-click="carregarConsolidadoRevistasEbdAcao"
index.html	3358	onclick="carregarOfertaLicaoEbdAcao()"	data-on-click="carregarOfertaLicaoEbdAcao"
index.html	3362	onclick="registrarOfertaLicaoEbdAcao()"	data-on-click="registrarOfertaLicaoEbdAcao"
index.html	3372	onclick="carregarLancamentosFinanceiroEbdAcao()"	data-on-click="carregarLancamentosFinanceiroEbdAcao"
index.html	3387	onclick="criarLancamentoFinanceiroEbdAcao()"	data-on-click="criarLancamentoFinanceiroEbdAcao"
index.html	3394	onclick="carregarConsolidadoFinanceiroEbdAcao()"	data-on-click="carregarConsolidadoFinanceiroEbdAcao"
index.html	3412	onclick="carregarCadernetaEbdAcao()"	data-on-click="carregarCadernetaEbdAcao"
index.html	3428	onclick="carregarRelatorioTrimestreEbdAcao()"	data-on-click="carregarRelatorioTrimestreEbdAcao"
index.html	3443	onchange="lerArquivoImportacaoEbdAcao()"	data-on-change="lerArquivoImportacaoEbdAcao"
index.html	3448	onclick="importarCadernetasEbdAcao(true)"	data-on-click="importarCadernetasEbdAcao" data-args-click='[true]'
index.html	3449	onclick="importarCadernetasEbdAcao(false)"	data-on-click="importarCadernetasEbdAcao" data-args-click='[false]'
index.html	3472	onclick="criarTipoEventoConquistaAcao()"	data-on-click="criarTipoEventoConquistaAcao"
index.html	3489	onclick="criarConquistaAcao()"	data-on-click="criarConquistaAcao"
index.html	3508	onclick="criarRegraConquistaAcao()"	data-on-click="criarRegraConquistaAcao"
index.html	3527	onclick="carregarRankingConquistaAdminAcao()"	data-on-click="carregarRankingConquistaAdminAcao"
index.html	3547	onclick="carregarCatalogoTrilhasAcao()"	data-on-click="carregarCatalogoTrilhasAcao"
index.html	3548	onchange="carregarCatalogoTrilhasAcao()"	data-on-change="carregarCatalogoTrilhasAcao"
index.html	3562	onclick="criarTrilhaAcao()"	data-on-click="criarTrilhaAcao"
index.html	3572	onclick="adicionarModuloTrilhaAcao()"	data-on-click="adicionarModuloTrilhaAcao"
index.html	3582	onclick="preRequisitoModuloAcao()"	data-on-click="preRequisitoModuloAcao"
index.html	3587	onclick="preRequisitoTrilhaAcao(false)"	data-on-click="preRequisitoTrilhaAcao" data-args-click='[false]'
index.html	3588	onclick="preRequisitoTrilhaAcao(true)"	data-on-click="preRequisitoTrilhaAcao" data-args-click='[true]'
index.html	3595	onclick="definirTrilhaAtivaAcao(true)"	data-on-click="definirTrilhaAtivaAcao" data-args-click='[true]'
index.html	3596	onclick="definirTrilhaAtivaAcao(false)"	data-on-click="definirTrilhaAtivaAcao" data-args-click='[false]'
index.html	3600	onclick="definirModuloAtivoAcao(true)"	data-on-click="definirModuloAtivoAcao" data-args-click='[true]'
index.html	3601	onclick="definirModuloAtivoAcao(false)"	data-on-click="definirModuloAtivoAcao" data-args-click='[false]'
index.html	3611	onclick="matricularTrilhaAcao()"	data-on-click="matricularTrilhaAcao"
index.html	3615	onclick="carregarFormacaoPessoaAcao()"	data-on-click="carregarFormacaoPessoaAcao"
index.html	3632	onclick="criarRequisitoTrilhaAcao()"	data-on-click="criarRequisitoTrilhaAcao"
index.html	3635	onclick="carregarRequisitosTrilhasAcao()"	data-on-click="carregarRequisitosTrilhasAcao"
index.html	3637	onclick="conferirRequisitoAcao()"	data-on-click="conferirRequisitoAcao"
index.html	3648	onclick="carregarPendenciasTrilhasAcao()"	data-on-click="carregarPendenciasTrilhasAcao"
index.html	3673	onclick="carregarPainelPscAcao()"	data-on-click="carregarPainelPscAcao"
index.html	3698	onclick="carregarReclassificacoesPscAcao()"	data-on-click="carregarReclassificacoesPscAcao"
index.html	3707	onclick="carregarHistoricoPscAcao()"	data-on-click="carregarHistoricoPscAcao"
index.html	3718	onchange="carregarCatalogoPscAcao()"	data-on-change="carregarCatalogoPscAcao"
index.html	3719	onclick="carregarCatalogoPscAcao()"	data-on-click="carregarCatalogoPscAcao"
index.html	3739	onclick="criarCriterioPscAcao()"	data-on-click="criarCriterioPscAcao"
index.html	3749	onclick="salvarParametrosPscAcao()"	data-on-click="salvarParametrosPscAcao"
index.html	3773	onclick="calMostrarSecaoAcao('agenda')"	data-on-click="calMostrarSecaoAcao" data-args-click='["agenda"]'
index.html	3774	onclick="calMostrarSecaoAcao('propor')"	data-on-click="calMostrarSecaoAcao" data-args-click='["propor"]'
index.html	3775	onclick="calMostrarSecaoAcao('pauta')"	data-on-click="calMostrarSecaoAcao" data-args-click='["pauta"]'
index.html	3776	onclick="calMostrarSecaoAcao('anos')"	data-on-click="calMostrarSecaoAcao" data-args-click='["anos"]'
index.html	3777	onclick="calMostrarSecaoAcao('liturgia')"	data-on-click="calMostrarSecaoAcao" data-args-click='["liturgia"]'
index.html	3778	onclick="calMostrarSecaoAcao('presenca')"	data-on-click="calMostrarSecaoAcao" data-args-click='["presenca"]'
index.html	3779	onclick="calMostrarSecaoAcao('site')"	data-on-click="calMostrarSecaoAcao" data-args-click='["site"]'
index.html	3786	onclick="calMudarMesAcao(-1)"	data-on-click="calMudarMesAcao" data-args-click='[-1]'
index.html	3788	onclick="calMudarMesAcao(1)"	data-on-click="calMudarMesAcao" data-args-click='[1]'
index.html	3789	onclick="calIrParaHojeAcao()"	data-on-click="calIrParaHojeAcao"
index.html	3793	onchange="calFiltrosAgendaMudaramAcao()"	data-on-change="calFiltrosAgendaMudaramAcao"
index.html	3794	onchange="calFiltrosAgendaMudaramAcao()"	data-on-change="calFiltrosAgendaMudaramAcao"
index.html	3795	onchange="calFiltrosAgendaMudaramAcao()"	data-on-change="calFiltrosAgendaMudaramAcao"
index.html	3796	onchange="calFiltrosAgendaMudaramAcao()"	data-on-change="calFiltrosAgendaMudaramAcao"
index.html	3797	onchange="calRedesenharAgendaAcao()"	data-on-change="calRedesenharAgendaAcao"
index.html	3816	onchange="calPropTipoMudouAcao()"	data-on-change="calPropTipoMudouAcao"
index.html	3828	onchange="calPropAgendarVerificacaoAcao()"	data-on-change="calPropAgendarVerificacaoAcao"
index.html	3829	onchange="calPropAgendarVerificacaoAcao()"	data-on-change="calPropAgendarVerificacaoAcao"
index.html	3830	onchange="calPropAgendarVerificacaoAcao()"	data-on-change="calPropAgendarVerificacaoAcao"
index.html	3831	onchange="calPropAgendarVerificacaoAcao()"	data-on-change="calPropAgendarVerificacaoAcao"
index.html	3835	onchange="calPropAbrangenciaMudouAcao()"	data-on-change="calPropAbrangenciaMudouAcao"
index.html	3839	onchange="calPropAgendarVerificacaoAcao()"	data-on-change="calPropAgendarVerificacaoAcao"
index.html	3861	onclick="calEnviarPropostaAcao()"	data-on-click="calEnviarPropostaAcao"
index.html	3862	onclick="calLimparPropostaAcao()"	data-on-click="calLimparPropostaAcao"
index.html	3894	onclick="carregarPautaCalAcao()"	data-on-click="carregarPautaCalAcao"
index.html	3914	onclick="calAbrirAnoAcao()"	data-on-click="calAbrirAnoAcao"
index.html	3915	onclick="carregarAnosCalAcao()"	data-on-click="carregarAnosCalAcao"
index.html	3929	onclick="carregarLiturgiaCalAcao()"	data-on-click="carregarLiturgiaCalAcao"
index.html	3967	onclick="calSalvarRegraAcao()"	data-on-click="calSalvarRegraAcao"
index.html	3968	onclick="calLimparFormRegraAcao()"	data-on-click="calLimparFormRegraAcao"
index.html	3982	onclick="carregarTiposCalAcao()"	data-on-click="carregarTiposCalAcao"
index.html	4016	onclick="calSalvarTipoAcao()"	data-on-click="calSalvarTipoAcao"
index.html	4017	onclick="calLimparFormTipoAcao()"	data-on-click="calLimparFormTipoAcao"
index.html	4032	onclick="calCarregarEventosPresencaAcao()"	data-on-click="calCarregarEventosPresencaAcao"
index.html	4034	onclick="carregarPresencaCalAcao()"	data-on-click="carregarPresencaCalAcao"
index.html	4047	onclick="carregarSiteStatusCalAcao()"	data-on-click="carregarSiteStatusCalAcao"
index.html	4071	onclick="cnlMostrarSecaoAcao('painel')"	data-on-click="cnlMostrarSecaoAcao" data-args-click='["painel"]'
index.html	4072	onclick="cnlMostrarSecaoAcao('canais')"	data-on-click="cnlMostrarSecaoAcao" data-args-click='["canais"]'
index.html	4073	onclick="cnlMostrarSecaoAcao('ocorrencias')"	data-on-click="cnlMostrarSecaoAcao" data-args-click='["ocorrencias"]'
index.html	4074	onclick="cnlMostrarSecaoAcao('senhas')"	data-on-click="cnlMostrarSecaoAcao" data-args-click='["senhas"]'
index.html	4075	onclick="cnlMostrarSecaoAcao('transmissao')"	data-on-click="cnlMostrarSecaoAcao" data-args-click='["transmissao"]'
index.html	4082	onclick="cnlCarregarPainelAcao()"	data-on-click="cnlCarregarPainelAcao"
index.html	4097	onchange="cnlRedesenharCanaisAcao()"	data-on-change="cnlRedesenharCanaisAcao"
index.html	4098	onchange="cnlRedesenharCanaisAcao()"	data-on-change="cnlRedesenharCanaisAcao"
index.html	4105	oninput="cnlRedesenharCanaisAcao()"	data-on-input="cnlRedesenharCanaisAcao"
index.html	4106	onchange="cnlCarregarCanaisAcao()"	data-on-change="cnlCarregarCanaisAcao"
index.html	4107	onclick="cnlCarregarCanaisAcao()"	data-on-click="cnlCarregarCanaisAcao"
index.html	4121	onchange="cnlCPlataformaMudouAcao()"	data-on-change="cnlCPlataformaMudouAcao"
index.html	4122	onchange="cnlCCategoriaMudouAcao()"	data-on-change="cnlCCategoriaMudouAcao"
index.html	4131	onchange="cnlCEscopoMudouAcao()"	data-on-change="cnlCEscopoMudouAcao"
index.html	4148	onclick="cnlSalvarCanalAcao()"	data-on-click="cnlSalvarCanalAcao"
index.html	4149	onclick="cnlLimparFormCanalAcao()"	data-on-click="cnlLimparFormCanalAcao"
index.html	4167	onchange="cnlCarregarOcorrenciasAcao()"	data-on-change="cnlCarregarOcorrenciasAcao"
index.html	4173	onchange="cnlRedesenharOcorrenciasAcao()"	data-on-change="cnlRedesenharOcorrenciasAcao"
index.html	4174	onclick="cnlCarregarOcorrenciasAcao()"	data-on-click="cnlCarregarOcorrenciasAcao"
index.html	4191	onchange="cnlCarregarTrocasAcao()"	data-on-change="cnlCarregarTrocasAcao"
index.html	4192	onclick="cnlCarregarTrocasAcao()"	data-on-click="cnlCarregarTrocasAcao"
index.html	4193	onclick="cnlConferirSucessoesAcao()"	data-on-click="cnlConferirSucessoesAcao"
index.html	4210	onclick="cnlAbrirTrocaAcao()"	data-on-click="cnlAbrirTrocaAcao"
index.html	4224	onchange="cnlRedesenharTransmissaoAcao()"	data-on-change="cnlRedesenharTransmissaoAcao"
index.html	4231	onclick="cnlCarregarTransmissaoAcao()"	data-on-click="cnlCarregarTransmissaoAcao"
index.html	4240	onchange="cnlTrPreencherDaCongregacaoAcao()"	data-on-change="cnlTrPreencherDaCongregacaoAcao"
index.html	4242	onchange="cnlTrAtualizarBlocosAcao()"	data-on-change="cnlTrAtualizarBlocosAcao"
index.html	4259	onclick="cnlSalvarTransmissaoAcao()"	data-on-click="cnlSalvarTransmissaoAcao"
index.html	4284	onclick="evtMostrarSecaoAcao('painel')"	data-on-click="evtMostrarSecaoAcao" data-args-click='["painel"]'
index.html	4285	onclick="evtMostrarSecaoAcao('fila')"	data-on-click="evtMostrarSecaoAcao" data-args-click='["fila"]'
index.html	4286	onclick="evtMostrarSecaoAcao('caixas')"	data-on-click="evtMostrarSecaoAcao" data-args-click='["caixas"]'
index.html	4295	onclick="evtCarregarPainelAcao()"	data-on-click="evtCarregarPainelAcao"
index.html	4307	onclick="evtCarregarFilaAcao()"	data-on-click="evtCarregarFilaAcao"
index.html	4328	onchange="evtCarregarCaixasAcao()"	data-on-change="evtCarregarCaixasAcao"
index.html	4334	onclick="evtCarregarCaixasAcao()"	data-on-click="evtCarregarCaixasAcao"
index.html	4376	onclick="carregarSituacaoTesouroAcao()"	data-on-click="carregarSituacaoTesouroAcao"
index.html	4391	onchange="carregarLancamentosTesouraria()"	data-on-change="carregarLancamentosTesouraria"
index.html	4420	onchange="alternarComprovanteLancamento()"	data-on-change="alternarComprovanteLancamento"
index.html	4434	onclick="salvarLancamentoTesourariaAcao()"	data-on-click="salvarLancamentoTesourariaAcao"
index.html	4441	onclick="salvarDizimistaAcao()"	data-on-click="salvarDizimistaAcao"
index.html	4458	onclick="conciliarPixSelecionadosAcao()"	data-on-click="conciliarPixSelecionadosAcao"
index.html	4493	onclick="alternarFormNovaCampanha()"	data-on-click="alternarFormNovaCampanha"
index.html	4509	onclick="criarCampanhaAcao()"	data-on-click="criarCampanhaAcao"
index.html	4525	onclick="alternarFormNovoFornecedor()"	data-on-click="alternarFormNovoFornecedor"
index.html	4551	onclick="salvarFornecedorAcao()"	data-on-click="salvarFornecedorAcao"
index.html	4565	onclick="alternarEdicaoValorReferenciaCotacoes()"	data-on-click="alternarEdicaoValorReferenciaCotacoes"
index.html	4569	onchange="carregarSaidas()"	data-on-change="carregarSaidas"
index.html	4577	onclick="alternarFormNovaSaida()"	data-on-click="alternarFormNovaSaida"
index.html	4584	onchange="alternarCampoCampanhaSaida()"	data-on-change="alternarCampoCampanhaSaida"
index.html	4590	oninput="alternarCotacoesSaida()"	data-on-input="alternarCotacoesSaida"
index.html	4608	onclick="solicitarSaidaAcao()"	data-on-click="solicitarSaidaAcao"
index.html	4621	onclick="alternarFormNovoFundoFixo()"	data-on-click="alternarFormNovoFundoFixo"
index.html	4628	onclick="criarFundoFixoAcao()"	data-on-click="criarFundoFixoAcao"
index.html	4642	onclick="alternarFormDadosBancariosInstituicao()"	data-on-click="alternarFormDadosBancariosInstituicao"
index.html	4659	onclick="salvarDadosBancariosInstituicaoAcao()"	data-on-click="salvarDadosBancariosInstituicaoAcao"
index.html	4664	onclick="gerarRemessaBancariaAcao()"	data-on-click="gerarRemessaBancariaAcao"
index.html	4682	onclick="alternarFormNovaContaReceber()"	data-on-click="alternarFormNovaContaReceber"
index.html	4686	onchange="carregarOpcoesDizimistasReceber()"	data-on-change="carregarOpcoesDizimistasReceber"
index.html	4699	onclick="salvarContaReceberAcao()"	data-on-click="salvarContaReceberAcao"
index.html	4705	onchange="carregarContasReceber()"	data-on-change="carregarContasReceber"
index.html	4727	onclick="alternarFormNovoOrcamento()"	data-on-click="alternarFormNovoOrcamento"
index.html	4736	onclick="criarOrcamentoAcao()"	data-on-click="criarOrcamentoAcao"
index.html	4750	onchange="alternarCongregacaoFluxoCaixa()"	data-on-change="alternarCongregacaoFluxoCaixa"
index.html	4756	onclick="carregarFluxoCaixaProjetadoAcao()"	data-on-click="carregarFluxoCaixaProjetadoAcao"
index.html	4772	onclick="alternarFormNovoPlanoPdq()"	data-on-click="alternarFormNovoPlanoPdq"
index.html	4783	onclick="criarPlanoPdqAcao()"	data-on-click="criarPlanoPdqAcao"
index.html	4801	onclick="suspenderFundoPdqAcao()"	data-on-click="suspenderFundoPdqAcao"
index.html	4802	onclick="reativarFundoPdqAcao()"	data-on-click="reativarFundoPdqAcao"
index.html	4814	onclick="adicionarMembroPMO()"	data-on-click="adicionarMembroPMO"
index.html	4832	onchange="alternarCamposDemonstracao()"	data-on-change="alternarCamposDemonstracao"
index.html	4841	onclick="gerarDemonstracaoAcao()"	data-on-click="gerarDemonstracaoAcao"
index.html	4850	onclick="carregarNotasExplicativasAcao()"	data-on-click="carregarNotasExplicativasAcao"
index.html	4853	onclick="salvarNotasExplicativasAcao()"	data-on-click="salvarNotasExplicativasAcao"
index.html	4873	onclick="fecharRateioGeralAcao()"	data-on-click="fecharRateioGeralAcao"
index.html	4897	onclick="salvarAtoDesignacaoAcao()"	data-on-click="salvarAtoDesignacaoAcao"
index.html	4910	onclick="salvarPrebendadoAcao()"	data-on-click="salvarPrebendadoAcao"
index.html	4918	onclick="gerarFolhaPrebendaAcao()"	data-on-click="gerarFolhaPrebendaAcao"
index.html	4928	onclick="registrarRiscoVinculoAcao()"	data-on-click="registrarRiscoVinculoAcao"
index.html	4938	onclick="salvarAuxilioCustoAcao()"	data-on-click="salvarAuxilioCustoAcao"
index.html	4958	onclick="salvarBemPatrimonialAcao()"	data-on-click="salvarBemPatrimonialAcao"
index.html	4969	onclick="proporAlienacaoAcao()"	data-on-click="proporAlienacaoAcao"
index.html	4981	onclick="salvarDocumentoBemAcao()"	data-on-click="salvarDocumentoBemAcao"
index.html	4991	onclick="abrirInventarioAcao()"	data-on-click="abrirInventarioAcao"
index.html	5003	onclick="salvarOcupacaoCasaPastoralAcao()"	data-on-click="salvarOcupacaoCasaPastoralAcao"
index.html	5027	onclick="salvarFrotaAcao()"	data-on-click="salvarFrotaAcao"
index.html	5037	onclick="registrarTermoConducaoAcao()"	data-on-click="registrarTermoConducaoAcao"
index.html	5042	onclick="registrarRetiradaChaveAcao()"	data-on-click="registrarRetiradaChaveAcao"
index.html	5050	onclick="registrarManutencaoVeiculoAcao()"	data-on-click="registrarManutencaoVeiculoAcao"
index.html	5065	onclick="importarExtratoAcao()"	data-on-click="importarExtratoAcao"
index.html	5087	onclick="salvarAplicacaoAcao()"	data-on-click="salvarAplicacaoAcao"
index.html	5113	onclick="registrarRepasseInstitucionalAcao()"	data-on-click="registrarRepasseInstitucionalAcao"
index.html	5137	onclick="salvarApoliceAcao()"	data-on-click="salvarApoliceAcao"
index.html	5158	onclick="salvarValorMonetarioAcao()"	data-on-click="salvarValorMonetarioAcao"
index.html	5163	onclick="corrigirTodosValoresAcao()"	data-on-click="corrigirTodosValoresAcao"
index.html	5180	onclick="salvarCessaoTemploAcao()"	data-on-click="salvarCessaoTemploAcao"
index.html	5194	onclick="carregarMedidorEcdAcao()"	data-on-click="carregarMedidorEcdAcao"
index.html	5202	onclick="salvarObrigacaoFiscalAcao()"	data-on-click="salvarObrigacaoFiscalAcao"
index.html	5211	onclick="salvarRetencaoAcao()"	data-on-click="salvarRetencaoAcao"
index.html	5216	onclick="carregarInformeRendimentosAcao()"	data-on-click="carregarInformeRendimentosAcao"
index.html	5227	onclick="carregarImunidadeTributariaAcao()"	data-on-click="carregarImunidadeTributariaAcao"
index.html	5238	onclick="carregarDossieFiscalAcao()"	data-on-click="carregarDossieFiscalAcao"
index.html	5264	onclick="registrarReceitaAcessoriaAcao()"	data-on-click="registrarReceitaAcessoriaAcao"
index.html	5300	onclick="salvarImovelAcao()"	data-on-click="salvarImovelAcao"
index.html	5318	onclick="registrarObraAcao()"	data-on-click="registrarObraAcao"
index.html	5329	onclick="registrarObraMarcoAcao()"	data-on-click="registrarObraMarcoAcao"
index.html	5341	onchange="carregarDizimistasMes()"	data-on-change="carregarDizimistasMes"
index.html	5345	onchange="carregarDizimistasMes()"	data-on-change="carregarDizimistasMes"
index.html	5357	onchange="carregarResumoFechamento()"	data-on-change="carregarResumoFechamento"
index.html	5361	onchange="carregarResumoFechamento()"	data-on-change="carregarResumoFechamento"
index.html	5380	onclick="gerarRelatorioTesourariaAcao('completo')"	data-on-click="gerarRelatorioTesourariaAcao" data-args-click='["completo"]'
index.html	5381	onclick="gerarRelatorioTesourariaAcao('mural')"	data-on-click="gerarRelatorioTesourariaAcao" data-args-click='["mural"]'
index.html	5393	onchange="carregarParametrosTesouraria()"	data-on-change="carregarParametrosTesouraria"
index.html	5407	onclick="salvarParametrosTesourariaAcao()"	data-on-click="salvarParametrosTesourariaAcao"
index.html	5418	onchange="carregarConsolidadoTesouraria()"	data-on-change="carregarConsolidadoTesouraria"
index.html	5450	onchange="renderChamadaOffline()"	data-on-change="renderChamadaOffline"
index.html	5454	onchange="renderChamadaOffline()"	data-on-change="renderChamadaOffline"
index.html	5463	onclick="adicionarVisitanteOfflineAcao()"	data-on-click="adicionarVisitanteOfflineAcao"
index.html	5471	onclick="sincronizarChamadaOfflineAcao(true)"	data-on-click="sincronizarChamadaOfflineAcao" data-args-click='[true]'
index.html	5472	onclick="fecharTelaChamadaOffline(); return false;"	data-on-click="fecharTelaChamadaOffline" data-prevent="click"
index.html	5473	onclick="apagarDadosOfflineEbdAcao(); return false;"	data-on-click="apagarDadosOfflineEbdAcao" data-prevent="click"
script.js	1321	onclick="irParaBlocoPainel(${argJs(b.aba)})"	data-on-click="irParaBlocoPainel" data-args-click="${argsAttr(String(b.aba ?? ""))}"
